Date,Open,High,Low,Close,Volume
1/4/2010,15.24,15.75,15.12,15.69,180845200
1/5/2010,15.74,16.209999,15.7,16.200001,209521300
1/6/2010,16.209999,16.540001,16.030001,16.389999,205257900
1/7/2010,16.68,17.190001,16.51,16.93,320868400
1/8/2010,16.98,17.1,16.629999,16.780001,220104700
1/11/2010,16.99,17.139999,16.719999,16.93,168991600
1/12/2010,16.719999,16.75,16.17,16.360001,223486800
1/13/2010,16.43,16.780001,16.15,16.620001,192609900
1/14/2010,16.629999,16.92,16.610001,16.82,142634200
1/15/2010,16.639999,16.65,16.23,16.26,195117100
1/19/2010,16.059999,16.469999,15.84,16.32,181616500
1/20/2010,16.219999,16.629999,16.18,16.49,288741100
1/21/2010,16.459999,16.66,15.2,15.47,551285500
1/22/2010,15.26,15.52,14.71,14.9,369620800
1/25/2010,15.16,15.27,14.77,14.98,262351600
1/26/2010,14.94,15.17,14.72,14.77,212380600
1/27/2010,14.71,15.29,14.68,15.19,258716200
1/28/2010,15.4,15.59,15.01,15.37,232729500
1/29/2010,15.49,15.55,15.09,15.18,175135300
2/1/2010,15.26,15.44,15.13,15.42,159503300
2/2/2010,15.45,15.68,15.31,15.6,171404800
2/3/2010,15.57,15.8,15.52,15.53,130861600
2/4/2010,15.35,15.43,14.73,14.75,252558700
2/5/2010,14.84,15.06,14.31,15,297683300
2/8/2010,14.94,14.96,14.45,14.48,208207300
2/9/2010,14.67,14.78,14.25,14.47,251522100
2/10/2010,14.51,14.91,14.46,14.67,175741800
2/11/2010,14.67,14.8,14.54,14.63,141086300
2/12/2010,14.47,14.54,14.28,14.45,162819300
2/16/2010,14.66,15.31,14.62,15.16,205493300
2/17/2010,15.35,15.88,15.25,15.66,261541900
2/18/2010,15.52,16,15.5,15.88,242140300
2/19/2010,15.73,16.040001,15.71,15.88,216078200
2/22/2010,15.96,16.4,15.96,16.209999,173773200
2/23/2010,16.120001,16.379999,15.79,15.94,210478400
2/24/2010,15.98,16.360001,15.96,16.33,191571600
2/25/2010,16.049999,16.57,15.95,16.549999,287325100
2/26/2010,16.57,16.84,16.41,16.66,343669400
3/1/2010,16.74,16.860001,16.57,16.709999,170931100
3/2/2010,16.700001,16.799999,16.389999,16.459999,183048600
3/3/2010,16.469999,16.620001,16.33,16.370001,154950200
3/4/2010,16.450001,16.5,16.030001,16.4,157746500
3/5/2010,16.52,16.75,16.450001,16.700001,172469000
3/8/2010,16.75,16.91,16.690001,16.74,127705100
3/9/2010,16.629999,16.99,16.540001,16.799999,167779500
3/10/2010,17.01,17.35,16.99,17.110001,222932200
3/11/2010,17.18,17.280001,17.059999,17.120001,145079600
3/12/2010,17.26,17.299999,16.68,16.85,171456700
3/15/2010,16.74,16.91,16.59,16.85,120308200
3/16/2010,16.969999,17.07,16.9,17.030001,107411800
3/17/2010,17.17,17.299999,17.030001,17.27,134463900
3/18/2010,17.290001,17.32,16.98,17.08,123986800
3/19/2010,16.82,17.23,16.74,16.82,178218800
3/22/2010,16.620001,16.969999,16.6,16.959999,113667800
3/23/2010,17.08,17.219999,16.940001,17.129999,131261400
3/24/2010,17.120001,17.73,17.1,17.57,270410600
3/25/2010,17.84,18.35,17.700001,17.74,315304700
3/26/2010,17.98,18.23,17.75,17.9,220970700
3/29/2010,18.17,18.200001,17.77,18.040001,152539700
3/30/2010,18.059999,18.120001,17.67,17.76,144373000
3/31/2010,17.690001,17.98,17.67,17.85,114280900
4/1/2010,18.02,18.1,17.889999,18.040001,95607200
4/5/2010,18.16,18.25,18.02,18.129999,107989300
4/6/2010,18.16,18.540001,18.1,18.49,160316600
4/7/2010,18.58,18.860001,18.530001,18.620001,233522300
4/8/2010,18.59,18.84,18.309999,18.65,164305500
4/9/2010,18.82,18.85,18.5,18.59,135480600
4/12/2010,18.68,18.82,18.6,18.66,128319000
4/13/2010,18.610001,18.719999,18.49,18.67,113687800
4/14/2010,18.98,19.42,18.92,19.4,246624700
4/15/2010,19.629999,19.860001,19.360001,19.48,240100000
4/16/2010,19.469999,19.48,18.049999,18.41,589061800
4/19/2010,18.1,18.65,17.870001,18.389999,358828000
4/20/2010,18.790001,18.83,18.440001,18.610001,200544700
4/21/2010,18.67,18.91,18.110001,18.280001,201891300
4/22/2010,18.030001,18.6,17.950001,18.540001,219472400
4/23/2010,18.4,18.530001,18.280001,18.43,145428400
4/26/2010,18.41,18.440001,18.030001,18.049999,160873000
4/27/2010,17.91,18.18,17.41,17.469999,259438600
4/28/2010,17.65,17.959999,17.51,17.780001,195287800
4/29/2010,18.040001,18.4,17.99,18.299999,177296300
4/30/2010,18.280001,18.299999,17.610001,17.83,231536200
5/3/2010,17.879999,18.15,17.780001,18.059999,150747100
5/4/2010,17.77,17.91,17.48,17.559999,183242300
5/5/2010,17.200001,17.84,16.889999,17.530001,195023300
5/6/2010,17.48,17.610001,15.5,16.280001,465091500
5/7/2010,16.48,16.790001,15.95,16.18,388118300
5/10/2010,17.23,17.389999,17.01,17.299999,268476800
5/11/2010,17.08,17.49,16.969999,17.16,188202400
5/12/2010,17.27,17.33,16.99,17.07,179359300
5/13/2010,17.030001,17.18,16.85,16.870001,135257500
5/14/2010,16.709999,16.719999,16.120001,16.34,212906900
5/17/2010,16.389999,16.450001,15.85,16.35,181966800
5/18/2010,16.709999,16.75,15.67,15.95,216050700
5/19/2010,15.8,16.459999,15.8,16.309999,260711100
5/20/2010,15.96,16.049999,15.28,15.3,301263900
5/21/2010,14.96,16,14.95,15.99,266468500
5/24/2010,15.98,16.08,15.39,15.4,170656700
5/25/2010,14.91,15.54,14.8,15.49,263919800
5/26/2010,15.91,16.1,15.38,15.47,225933000
5/27/2010,15.81,16.200001,15.59,16.18,163490700
5/28/2010,16.17,16.18,15.71,15.74,160778500
6/1/2010,15.58,15.98,15.4,15.44,126185400
6/2/2010,15.58,15.92,15.35,15.89,127114500
6/3/2010,15.96,16.07,15.69,15.81,124229100
6/4/2010,15.5,15.73,15.25,15.35,148415800
6/7/2010,15.36,15.4,14.77,14.83,158959100
6/8/2010,14.88,15.35,14.79,15.33,167648900
6/9/2010,15.43,15.49,14.94,15.01,150844900
6/10/2010,15.27,15.48,15.11,15.46,124056500
6/11/2010,15.33,15.7,15.31,15.6,115114300
6/14/2010,15.7,15.79,15.39,15.41,120504600
6/15/2010,15.56,15.84,15.31,15.8,129815000
6/16/2010,15.7,15.97,15.65,15.87,110926700
6/17/2010,15.96,16.07,15.59,15.82,127136400
6/18/2010,15.88,15.91,15.74,15.82,105721700
6/21/2010,16.030001,16.1,15.75,15.79,109114600
6/22/2010,15.78,15.91,15.56,15.58,108235700
6/23/2010,15.6,15.71,15.29,15.43,132920800
6/24/2010,15.27,15.31,14.98,15.02,167776300
6/25/2010,15.26,15.62,15.11,15.42,175269500
6/28/2010,15.5,15.55,15.21,15.24,110641800
6/29/2010,15.01,15.05,14.45,14.57,201991800
6/30/2010,14.62,14.8,14.3,14.37,138978000
7/1/2010,14.32,14.35,13.5,14.02,256787300
7/2/2010,14.1,14.1,13.68,13.84,140988600
7/6/2010,14.13,14.31,13.83,14.06,120153500
7/7/2010,14.12,14.73,14.1,14.71,150021000
7/8/2010,14.88,14.94,14.6,14.86,132297400
7/9/2010,14.86,15.13,14.75,15.11,86584400
7/12/2010,15.07,15.25,14.97,15.21,92146300
7/13/2010,15.48,15.72,15.4,15.67,130720700
7/14/2010,15.6,15.72,15.42,15.67,115645600
7/15/2010,15.66,15.69,15.06,15.39,177237600
7/16/2010,14.63,14.67,13.96,13.98,438430600
7/19/2010,13.97,14.02,13.3,13.61,314752200
7/20/2010,13.36,13.85,13.3,13.77,180152700
7/21/2010,13.96,13.97,13.33,13.36,203245200
7/22/2010,13.55,13.89,13.54,13.66,185760900
7/23/2010,13.68,13.8,13.47,13.74,133979700
7/26/2010,13.85,14.21,13.71,14.15,159255000
7/27/2010,14.52,14.65,14.18,14.19,176895900
7/28/2010,14.12,14.24,13.96,13.99,110133600
7/29/2010,14.15,14.21,13.9,14.03,124734700
7/30/2010,13.88,14.24,13.85,14.04,130077700
8/2/2010,14.38,14.47,14.23,14.44,130216100
8/3/2010,14.36,14.46,14.29,14.34,96776700
8/4/2010,14.36,14.39,14.12,14.19,131865800
8/5/2010,14.09,14.13,13.96,14.02,110927900
8/6/2010,13.91,14.04,13.75,13.96,135088300
8/9/2010,14.06,14.07,13.75,13.91,121443000
8/10/2010,13.77,13.82,13.61,13.63,131286100
8/11/2010,13.5,13.52,13.16,13.19,182937400
8/12/2010,13.05,13.35,13.02,13.06,146852800
8/13/2010,13.11,13.34,13.11,13.23,107923800
8/16/2010,13.13,13.29,13.09,13.19,99799300
8/17/2010,13.41,13.45,13.15,13.21,132047600
8/18/2010,13.25,13.5,13.24,13.32,137585300
8/19/2010,13.28,13.37,13.01,13.02,153344800
8/20/2010,12.98,12.99,12.75,12.87,164506800
8/23/2010,13.07,13.1,12.86,12.87,114682800
8/24/2010,12.75,12.83,12.59,12.64,156884400
8/25/2010,12.56,12.72,12.42,12.66,159923400
8/26/2010,12.74,12.9,12.47,12.47,137778600
8/27/2010,12.57,12.72,12.41,12.64,158558400
8/30/2010,12.54,12.6,12.27,12.32,126732000
8/31/2010,12.33,12.52,12.18,12.46,172987600
9/1/2010,12.64,13.21,12.6,13.21,204575600
9/2/2010,13.15,13.44,13.15,13.28,154881900
9/3/2010,13.5,13.69,13.33,13.5,141624900
9/7/2010,13.38,13.42,13.2,13.21,127499100
9/8/2010,13.26,13.49,13.23,13.37,102657200
9/9/2010,13.58,13.87,13.48,13.5,168549000
9/10/2010,13.6,13.66,13.51,13.55,85884600
9/13/2010,13.94,14.06,13.87,13.95,164136200
9/14/2010,13.96,13.97,13.64,13.68,140042500
9/15/2010,13.62,13.79,13.51,13.71,134665300
9/16/2010,13.62,13.66,13.51,13.55,120788100
9/17/2010,13.69,13.7,13.34,13.4,132686500
9/20/2010,13.46,13.81,13.37,13.74,130367700
9/21/2010,13.95,14,13.64,13.65,168349300
9/22/2010,13.63,13.77,13.41,13.42,141117900
9/23/2010,13.31,13.43,13.12,13.17,153255800
9/24/2010,13.37,13.6,13.3,13.6,142535200
9/27/2010,13.61,13.63,13.23,13.24,123657600
9/28/2010,13.31,13.32,13.15,13.27,124743600
9/29/2010,13.24,13.29,13.05,13.11,156717200
9/30/2010,13.21,13.39,13.05,13.1,148937800
10/1/2010,13.22,13.42,13.06,13.3,168814600
10/4/2010,13.27,13.45,13.13,13.15,133664600
10/5/2010,13.32,13.64,13.21,13.56,191282100
10/6/2010,13.63,13.66,13.32,13.39,150771000
10/7/2010,13.47,13.5,13.23,13.31,112300500
10/8/2010,13.34,13.49,13.1,13.18,173162700
10/11/2010,13.2,13.25,13.11,13.15,101283500
10/12/2010,13.1,13.53,13.09,13.52,136898300
10/13/2010,13.6,13.64,13.25,13.29,175054300
10/14/2010,13,13.03,12.42,12.6,511175200
10/15/2010,12.66,12.68,11.74,11.98,600410400
10/18/2010,11.96,12.37,11.83,12.34,416485100
10/19/2010,12.34,12.45,11.71,11.8,574229600
10/20/2010,11.6,11.88,11.17,11.75,655116600
10/21/2010,11.84,11.88,11.32,11.36,318784400
10/22/2010,11.47,11.58,11.37,11.44,173466800
10/25/2010,11.56,11.59,11.07,11.16,327390900
10/26/2010,11.08,11.48,11.03,11.3,232839500
10/27/2010,11.32,11.67,11.25,11.54,275344800
10/28/2010,11.72,11.72,11.41,11.53,180293000
10/29/2010,11.5,11.54,11.36,11.45,126825100
11/1/2010,11.5,11.58,11.36,11.5,152004500
11/2/2010,11.56,11.59,11.3,11.4,176470800
11/3/2010,11.46,11.55,11.31,11.52,176344100
11/4/2010,11.79,12.24,11.7,12.13,310826500
11/5/2010,12.17,12.71,12.16,12.36,405644600
11/8/2010,12.62,12.73,12.43,12.6,247865900
11/9/2010,12.73,12.74,12.23,12.27,225038100
11/10/2010,12.35,12.57,12.2,12.57,191612200
11/11/2010,12.5,12.56,12.31,12.37,130702300
11/12/2010,12.29,12.33,12.03,12.12,170642600
11/15/2010,12.22,12.29,12.07,12.1,112735900
11/16/2010,11.99,12.05,11.72,11.94,219262600
11/17/2010,11.9,11.99,11.6,11.62,170058200
11/18/2010,11.78,11.82,11.63,11.7,138773700
11/19/2010,11.64,11.66,11.53,11.66,104569300
11/22/2010,11.56,11.59,11.21,11.3,223150100
11/23/2010,11.18,11.39,11.06,11.09,199123000
11/24/2010,11.18,11.3,11.1,11.28,109514300
11/26/2010,11.17,11.21,11.1,11.12,54441000
11/29/2010,11.14,11.36,11.08,11.31,144663800
11/30/2010,11.2,11.3,10.91,10.95,267119300
12/1/2010,11.17,11.3,10.97,11.29,289105800
12/2/2010,11.37,11.74,11.35,11.68,284454000
12/3/2010,11.59,11.88,11.53,11.86,164553900
12/6/2010,11.78,11.86,11.63,11.64,132238800
12/7/2010,11.84,11.87,11.5,11.57,215071600
12/8/2010,11.61,12.07,11.6,12,235158100
12/9/2010,12.26,12.69,12.25,12.65,328639000
12/10/2010,12.65,12.85,12.47,12.8,224667700
12/13/2010,12.86,12.88,12.52,12.54,189201500
12/14/2010,12.57,12.71,12.33,12.4,161365800
12/15/2010,12.38,12.54,12.28,12.29,160612500
12/16/2010,12.47,12.77,12.38,12.52,309278400
12/17/2010,12.55,12.65,12.45,12.57,154544200
12/20/2010,12.59,12.75,12.57,12.62,113899800
12/21/2010,12.73,12.98,12.7,12.98,163167100
12/22/2010,13.01,13.45,13,13.38,240618000
12/23/2010,13.26,13.3,12.97,13.06,183718500
12/27/2010,12.98,13.4,12.96,13.27,116011000
12/28/2010,13.38,13.49,13.34,13.34,119303600
12/29/2010,13.39,13.42,13.31,13.31,74986200
12/30/2010,13.32,13.4,13.26,13.28,88176300
12/31/2010,13.23,13.38,13.22,13.34,63036100
1/3/2011,13.85,14.23,13.8,14.19,354322300
1/4/2011,14.23,14.25,14.02,14.24,218978200
1/5/2011,14.19,14.6,14.15,14.5,246151200
1/6/2011,14.54,14.69,14.34,14.44,241658500
1/7/2011,14.54,14.68,13.98,14.25,392328700
1/10/2011,14.17,14.43,14.09,14.4,185382600
1/11/2011,14.61,14.73,14.53,14.69,212239400
1/12/2011,14.89,14.99,14.85,14.99,204060800
1/13/2011,15.01,15.02,14.72,14.77,158944400
1/14/2011,14.74,15.31,14.68,15.25,282493800
1/18/2011,15.08,15.16,14.85,15,198400500
1/19/2011,14.85,14.95,14.35,14.37,247013200
1/20/2011,14.27,14.61,13.94,14.54,245219600
1/21/2011,14.41,14.71,14.22,14.25,291812600
1/24/2011,14.25,14.26,13.88,13.92,225424700
1/25/2011,13.78,13.84,13.4,13.63,303642100
1/26/2011,13.71,13.77,13.55,13.55,145810300
1/27/2011,13.58,13.67,13.48,13.67,153086100
1/28/2011,13.83,14.06,13.58,13.6,226452500
1/31/2011,13.71,13.79,13.64,13.73,118000800
2/1/2011,13.9,14.37,13.87,14.31,211978400
2/2/2011,14.33,14.35,14.13,14.24,140312700
2/3/2011,14.16,14.47,14.15,14.43,145885300
2/4/2011,14.43,14.47,14.11,14.29,141015200
2/7/2011,14.51,14.77,14.43,14.67,149423500
2/8/2011,14.64,14.76,14.5,14.61,158426200
2/9/2011,14.46,14.69,14.41,14.64,150179100
2/10/2011,14.51,14.64,14.47,14.49,132240800
2/11/2011,14.37,14.87,14.35,14.77,156195600
2/14/2011,14.78,14.95,14.71,14.89,112571100
2/15/2011,14.8,14.88,14.69,14.77,109532300
2/16/2011,14.81,14.88,14.7,14.84,132821900
2/17/2011,14.75,14.91,14.73,14.81,103495400
2/18/2011,14.84,14.89,14.67,14.75,98369000
2/22/2011,14.38,14.52,14.09,14.18,187522800
2/23/2011,14.17,14.44,13.92,14.17,196355700
2/24/2011,14.11,14.16,13.79,13.97,201697200
2/25/2011,14.16,14.32,14.12,14.2,126869100
2/28/2011,14.27,14.48,14.16,14.29,137039100
3/1/2011,14.32,14.35,13.91,13.93,161263900
3/2/2011,13.92,14.07,13.81,13.83,115609400
3/3/2011,14.05,14.29,14.05,14.27,139513500
3/4/2011,14.3,14.31,13.98,14.12,146184700
3/7/2011,14.18,14.27,13.92,14.03,139010300
3/8/2011,14.27,14.7,14.2,14.69,250033200
3/9/2011,14.66,14.69,14.48,14.59,148290400
3/10/2011,14.42,14.46,14.26,14.26,155462700
3/11/2011,14.11,14.43,14.1,14.38,111555000
3/14/2011,14.26,14.35,14.07,14.23,112139700
3/15/2011,13.77,14.06,13.71,13.96,167837200
3/16/2011,14.01,14.1,13.66,13.69,178630900
3/17/2011,13.89,14.04,13.75,13.98,131745300
3/18/2011,14.2,14.29,13.98,14.04,199209100
3/21/2011,14.2,14.22,13.9,14.05,114391500
3/22/2011,14.04,14.05,13.88,13.88,86286500
3/23/2011,13.72,13.74,13.37,13.65,230626600
3/24/2011,13.56,13.59,13.32,13.48,170761100
3/25/2011,13.49,13.53,13.32,13.34,115322600
3/28/2011,13.42,13.56,13.37,13.37,78640400
3/29/2011,13.41,13.41,13.16,13.35,117737500
3/30/2011,13.4,13.56,13.27,13.45,121082200
3/31/2011,13.35,13.39,13.29,13.33,86180900
4/1/2011,13.45,13.61,13.35,13.37,95017100
4/4/2011,13.4,13.59,13.4,13.44,71113900
4/5/2011,13.43,13.5,13.37,13.47,64968800
4/6/2011,13.6,13.78,13.53,13.72,136151600
4/7/2011,13.79,13.88,13.54,13.61,119206000
4/8/2011,13.63,13.72,13.45,13.48,87592400
4/11/2011,13.5,13.59,13.43,13.49,63348300
4/12/2011,13.4,13.58,13.31,13.47,100372600
4/13/2011,13.61,13.64,13.21,13.27,124630800
4/14/2011,13.16,13.26,13.07,13.13,115624900
4/15/2011,13.22,13.33,12.82,12.82,266336200
4/18/2011,12.59,12.6,12.24,12.42,262012500
4/19/2011,12.53,12.53,12.15,12.34,182612900
4/20/2011,12.43,12.48,12.21,12.27,179989100
4/21/2011,12.33,12.4,12.24,12.31,100820900
4/25/2011,12.33,12.6,12.32,12.44,112414300
4/26/2011,12.49,12.53,12.23,12.23,146800000
4/27/2011,12.24,12.4,12.23,12.33,118705100
4/28/2011,12.31,12.45,12.25,12.42,92414200
4/29/2011,12.39,12.42,12.28,12.28,87169300
5/2/2011,12.36,12.47,12.33,12.34,89940100
5/3/2011,12.35,12.71,12.33,12.6,145530300
5/4/2011,12.64,12.68,12.42,12.49,99234300
5/5/2011,12.41,12.47,12.2,12.3,130921200
5/6/2011,12.41,12.45,12.28,12.31,111324100
5/9/2011,12.28,12.32,12.11,12.18,110668200
5/10/2011,12.21,12.37,12.18,12.28,91577700
5/11/2011,12.28,12.43,12.23,12.25,150517800
5/12/2011,12.2,12.27,12.09,12.2,111941900
5/13/2011,12.2,12.21,11.91,11.93,159056700
5/16/2011,11.89,12.11,11.82,11.86,123646400
5/17/2011,11.81,11.94,11.8,11.9,145394700
5/18/2011,11.9,11.9,11.73,11.79,152963400
5/19/2011,11.88,11.89,11.68,11.69,121082700
5/20/2011,11.64,11.78,11.53,11.58,115821500
5/23/2011,11.47,11.52,11.38,11.42,122134100
5/24/2011,11.45,11.51,11.29,11.46,129513400
5/25/2011,11.35,11.58,11.35,11.38,103583400
5/26/2011,11.39,11.56,11.38,11.46,124072200
5/27/2011,11.57,11.78,11.54,11.69,107370400
5/31/2011,11.87,11.92,11.62,11.75,106228200
6/1/2011,11.71,11.74,11.23,11.24,176331800
6/2/2011,11.29,11.42,11.08,11.29,198074000
6/3/2011,11.2,11.45,11.16,11.28,115786700
6/6/2011,11.18,11.2,10.75,10.83,213289400
6/7/2011,10.96,11.05,10.6,10.65,160224800
6/8/2011,10.59,10.79,10.5,10.54,159384200
6/9/2011,10.58,10.75,10.5,10.65,129533300
6/10/2011,10.62,11.03,10.41,10.8,210796300
6/13/2011,10.89,11.02,10.64,10.97,186095900
6/14/2011,11.12,11.12,10.75,10.8,173051000
6/15/2011,10.6,10.67,10.41,10.5,213408200
6/16/2011,10.45,10.69,10.4,10.6,200127400
6/17/2011,10.75,10.77,10.58,10.68,116367000
6/20/2011,10.59,10.66,10.53,10.6,88402500
6/21/2011,10.68,10.87,10.53,10.83,109392600
6/22/2011,10.79,10.94,10.78,10.79,102448600
6/23/2011,10.65,10.77,10.56,10.71,180604400
6/24/2011,10.73,10.77,10.49,10.52,122210200
6/27/2011,10.52,10.95,10.52,10.85,202814500
6/28/2011,10.91,10.92,10.77,10.82,113027000
6/29/2011,11.17,11.25,11,11.14,301628700
6/30/2011,11.17,11.18,10.84,10.96,255993900
7/1/2011,10.98,11.14,10.92,11.09,137487700
7/5/2011,11.06,11.07,10.91,11,110261100
7/6/2011,10.83,10.85,10.66,10.74,145455700
7/7/2011,10.9,10.96,10.85,10.92,113940400
7/8/2011,10.75,10.8,10.61,10.7,129514100
7/11/2011,10.53,10.55,10.3,10.35,145323900
7/12/2011,10.27,10.4,10.2,10.21,145156100
7/13/2011,10.27,10.36,10.15,10.2,164765500
7/14/2011,10.3,10.33,10.06,10.07,148536100
7/15/2011,10.12,10.18,9.88,10,183416000
7/18/2011,9.88,9.93,9.53,9.72,226934200
7/19/2011,9.75,9.85,9.4,9.57,322430300
7/20/2011,9.66,10,9.63,9.85,249783800
7/21/2011,10.03,10.28,10,10.23,238464700
7/22/2011,10.26,10.27,10.05,10.13,138441500
7/25/2011,9.97,10.07,9.88,10.01,130582700
7/26/2011,9.97,10.09,9.91,10,121168700
7/27/2011,9.92,9.94,9.68,9.68,151491700
7/28/2011,9.72,9.85,9.69,9.79,113623300
7/29/2011,9.64,9.95,9.6,9.71,187926700
8/1/2011,10.04,10.05,9.7,9.81,159616700
8/2/2011,9.76,9.86,9.47,9.49,173972600
8/3/2011,9.49,9.59,9.32,9.54,175691200
8/4/2011,9.37,9.46,8.77,8.83,305309300
8/5/2011,8.97,9.05,8.03,8.17,546781600
8/8/2011,7.4,7.7,6.31,6.51,682052900
8/9/2011,7.02,7.66,6.68,7.6,496094500
8/10/2011,7.53,7.59,6.74,6.77,493986500
8/11/2011,7.1,7.42,6.96,7.25,344079000
8/12/2011,7.49,7.71,7.13,7.19,298997800
8/15/2011,7.46,7.84,7.35,7.76,268370400
8/16/2011,7.61,7.66,7.34,7.4,275997300
8/17/2011,7.46,7.59,7.4,7.46,159346200
8/18/2011,7.05,7.09,6.78,7.01,335205500
8/19/2011,6.8,7.12,6.75,6.97,289217900
8/22/2011,7.2,7.22,6.42,6.42,398777800
8/23/2011,6.37,6.44,6.01,6.3,563788800
8/24/2011,6.36,7.05,6.32,6.99,602753000
8/25/2011,8.29,8.8,7.38,7.65,859643400
8/26/2011,7.62,7.98,7.45,7.76,424194600
8/29/2011,8.1,8.41,7.96,8.39,363420500
8/30/2011,8.29,8.39,8.05,8.12,297220400
8/31/2011,8.28,8.29,8.11,8.17,282263500
9/1/2011,8.18,8.18,7.91,7.91,243549600
9/2/2011,7.31,7.45,7.17,7.25,305988600
9/6/2011,6.91,7.07,6.8,6.99,283101800
9/7/2011,7.23,7.52,7.1,7.48,257251800
9/8/2011,7.38,7.44,7.2,7.2,204593600
9/9/2011,7.11,7.21,6.96,6.98,255828800
9/12/2011,6.85,7.1,6.81,7.05,286856000
9/13/2011,7.09,7.18,6.97,7,220657500
9/14/2011,7.09,7.13,6.92,7.05,212940200
9/15/2011,7.18,7.34,7.13,7.33,230299700
9/16/2011,7.38,7.39,7.08,7.23,240523700
9/19/2011,7.06,7.07,6.94,6.99,199254700
9/20/2011,7.04,7.06,6.9,6.9,142828700
9/21/2011,6.95,6.97,6.36,6.38,381953600
9/22/2011,6.24,6.28,6,6.06,384622500
9/23/2011,6.09,6.39,6.07,6.31,503374000
9/26/2011,6.48,6.6,6.31,6.6,228406400
9/27/2011,6.84,6.85,6.41,6.48,231598900
9/28/2011,6.51,6.53,6.16,6.16,222449300
9/29/2011,6.4,6.45,6.15,6.35,224013100
9/30/2011,6.18,6.32,6.11,6.12,175213100
10/3/2011,6.08,6.18,5.52,5.53,369335100
10/4/2011,5.48,5.76,5.13,5.76,448300000
10/5/2011,5.71,5.83,5.51,5.77,291785700
10/6/2011,5.77,6.31,5.65,6.28,336087400
10/7/2011,6.32,6.33,5.88,5.9,285598300
10/10/2011,6.14,6.29,6.12,6.28,225326600
10/11/2011,6.18,6.47,6.13,6.37,204431100
10/12/2011,6.51,6.74,6.34,6.58,284617700
10/13/2011,6.44,6.44,6.17,6.22,230115400
10/14/2011,6.31,6.36,6.12,6.19,203564500
10/17/2011,6.18,6.28,6.03,6.03,175512200
10/18/2011,6.27,6.79,6.16,6.64,496883800
10/19/2011,6.68,6.86,6.37,6.4,318554300
10/20/2011,6.43,6.48,6.18,6.47,254971700
10/21/2011,6.59,6.65,6.38,6.46,252586400
10/24/2011,6.59,6.74,6.49,6.72,217032400
10/25/2011,6.65,6.67,6.46,6.46,200837500
10/26/2011,6.58,6.66,6.44,6.59,208197400
10/27/2011,7.11,7.23,6.9,7.22,408959900
10/28/2011,7.08,7.43,7.05,7.35,273167300
10/31/2011,7.09,7.16,6.82,6.83,252026900
11/1/2011,6.38,6.68,6.32,6.4,371823200
11/2/2011,6.72,6.74,6.57,6.72,216830700
11/3/2011,6.91,6.98,6.58,6.91,244340400
11/4/2011,6.73,6.75,6.45,6.49,266446300
11/7/2011,6.44,6.59,6.3,6.45,192433500
11/8/2011,6.54,6.59,6.4,6.53,219000600
11/9/2011,6.31,6.36,6.15,6.16,265539000
11/10/2011,6.32,6.33,6.01,6.03,324988000
11/11/2011,6.12,6.29,6.12,6.21,210025900
11/14/2011,6.16,6.19,6.02,6.05,225481700
11/15/2011,6.01,6.24,6,6.13,268228500
11/16/2011,6.09,6.09,5.9,5.9,292502400
11/17/2011,5.98,6.03,5.79,5.8,285881900
11/18/2011,5.86,5.89,5.75,5.78,227038600
11/21/2011,5.66,5.68,5.48,5.49,269658300
11/22/2011,5.52,5.59,5.32,5.37,270959000
11/23/2011,5.3,5.31,5.13,5.14,264978500
11/25/2011,5.16,5.33,5.12,5.17,138425100
11/28/2011,5.5,5.53,5.14,5.25,345537900
11/29/2011,5.19,5.28,5.03,5.08,333749700
11/30/2011,5.4,5.44,5.18,5.44,436268200
12/1/2011,5.37,5.63,5.29,5.53,315495500
12/2/2011,5.67,5.88,5.61,5.64,283132900
12/5/2011,5.86,5.95,5.73,5.79,293977700
12/6/2011,5.74,5.92,5.7,5.78,254787200
12/7/2011,5.73,5.92,5.7,5.89,244700100
12/8/2011,5.84,5.88,5.53,5.59,286031100
12/9/2011,5.67,5.85,5.63,5.72,293654100
12/12/2011,5.59,5.6,5.4,5.45,191824000
12/13/2011,5.56,5.6,5.22,5.32,227194200
12/14/2011,5.24,5.37,5.2,5.23,226723100
12/15/2011,5.33,5.37,5.21,5.26,196092100
12/16/2011,5.31,5.42,5.16,5.2,227111300
12/19/2011,5.2,5.22,4.92,4.99,344317700
12/20/2011,5.11,5.22,5.04,5.17,239246100
12/21/2011,5.18,5.25,5.1,5.23,203711800
12/22/2011,5.26,5.51,5.21,5.47,303085900
12/23/2011,5.54,5.63,5.47,5.6,190712000
12/27/2011,5.55,5.58,5.46,5.48,158575400
12/28/2011,5.45,5.46,5.27,5.29,146104500
12/29/2011,5.29,5.48,5.28,5.46,168098500
12/30/2011,5.39,5.58,5.37,5.56,176441000
1/3/2012,5.75,5.89,5.74,5.8,246293200
1/4/2012,5.71,5.88,5.62,5.81,243711200
1/5/2012,5.75,6.35,5.71,6.31,547780000
1/6/2012,6.21,6.3,6.06,6.18,299630600
1/9/2012,6.26,6.37,6.19,6.27,240614400
1/10/2012,6.44,6.66,6.44,6.63,354292100
1/11/2012,6.6,6.9,6.52,6.87,354039600
1/12/2012,6.99,7.02,6.66,6.79,362099600
1/13/2012,6.49,6.69,6.41,6.61,337048400
1/17/2012,6.63,6.82,6.44,6.48,294196500
1/18/2012,6.5,6.8,6.46,6.8,302497700
1/19/2012,7.21,7.29,6.75,6.96,491008100
1/20/2012,6.95,7.08,6.83,7.07,236630700
1/23/2012,7.13,7.37,7.11,7.25,339942200
1/24/2012,7.11,7.35,7.06,7.29,228810300
1/25/2012,7.2,7.37,7.15,7.35,249340100
1/26/2012,7.45,7.5,7.23,7.3,265938800
1/27/2012,7.21,7.35,7.2,7.29,230914000
1/30/2012,7.13,7.15,7.02,7.07,231240100
1/31/2012,7.17,7.19,7.05,7.13,212736300
2/1/2012,7.25,7.44,7.21,7.36,318811000
2/2/2012,7.43,7.49,7.33,7.45,232425400
2/3/2012,7.66,7.89,7.63,7.84,364195700
2/6/2012,7.79,7.97,7.77,7.97,236316000
2/7/2012,7.95,7.99,7.8,7.85,253694200
2/8/2012,7.96,8.15,7.93,8.13,436439700
2/9/2012,8.31,8.35,8.1,8.18,480206700
2/10/2012,8.05,8.12,7.98,8.07,254420800
2/13/2012,8.27,8.31,8.21,8.25,308490200
2/14/2012,8.15,8.17,7.95,7.98,384682800
2/15/2012,8.01,8.12,7.77,7.78,372981400
2/16/2012,7.71,8.13,7.66,8.09,337131800
2/17/2012,8.04,8.08,7.92,8.02,355445600
2/21/2012,8.03,8.2,8,8.11,333407700
2/22/2012,8.06,8.13,7.95,7.95,228867800
2/23/2012,7.97,8.05,7.9,8.02,144231800
2/24/2012,8.05,8.09,7.88,7.88,163128200
2/27/2012,7.79,8.05,7.67,8.04,298930800
2/28/2012,8.05,8.15,8,8.12,193443200
2/29/2012,8.16,8.24,7.97,7.97,266720500
3/1/2012,8.09,8.17,8.05,8.12,197850100
3/2/2012,8.11,8.21,8.1,8.13,143887500
3/5/2012,8.09,8.13,7.95,7.97,196328300
3/6/2012,7.78,7.79,7.66,7.71,262871200
3/7/2012,7.81,8.02,7.77,8.02,328331900
3/8/2012,8.07,8.12,8,8.06,160282000
3/9/2012,8.12,8.19,8.01,8.05,195281400
3/12/2012,8.01,8.06,7.91,7.99,165298900
3/13/2012,8.07,8.5,8.05,8.49,385984100
3/14/2012,8.66,8.9,8.56,8.84,488077000
3/15/2012,8.98,9.25,8.85,9.24,489593000
3/16/2012,9.41,9.8,9.33,9.8,582294100
3/19/2012,9.78,10.1,9.51,9.53,669479900
3/20/2012,9.63,9.97,9.59,9.81,451213900
3/21/2012,9.96,10.03,9.74,9.82,326573800
3/22/2012,9.66,9.77,9.52,9.6,264520500
3/23/2012,9.47,9.85,9.4,9.85,283110900
3/26/2012,10.01,10.04,9.85,9.93,241605700
3/27/2012,9.87,9.9,9.58,9.6,250069600
3/28/2012,9.62,9.78,9.58,9.75,234021500
3/29/2012,9.63,9.68,9.43,9.53,253625800
3/30/2012,9.61,9.64,9.35,9.57,250234500
4/2/2012,9.54,9.78,9.41,9.68,179229000
4/3/2012,9.67,9.67,9.41,9.49,190453400
4/4/2012,9.35,9.36,9.15,9.2,228560600
4/5/2012,9.14,9.4,9.11,9.23,180868100
4/9/2012,9.04,9.04,8.83,8.93,211427600
4/10/2012,8.97,9.09,8.5,8.54,377220000
4/11/2012,8.78,8.91,8.72,8.86,252563700
4/12/2012,8.93,9.18,8.91,9.17,223979900
4/13/2012,9.08,9.08,8.68,8.68,282354600
4/16/2012,8.87,8.93,8.62,8.79,217284500
4/17/2012,8.97,9,8.87,8.92,193424400
4/18/2012,8.88,9,8.84,8.92,160064100
4/19/2012,9.16,9.17,8.67,8.77,348804500
4/20/2012,8.78,8.78,8.33,8.36,277965300
4/23/2012,8.02,8.3,7.95,8.18,256073900
4/24/2012,8.25,8.27,8.1,8.21,192443800
4/25/2012,8.3,8.35,8.17,8.26,164902400
4/26/2012,8.19,8.4,8.17,8.27,131586300
4/27/2012,8.34,8.34,8.19,8.25,120948200
4/30/2012,8.22,8.24,8.04,8.11,137422300
5/1/2012,8.11,8.4,8.08,8.31,177953400
5/2/2012,8.21,8.23,8.12,8.16,136208900
5/3/2012,8.18,8.18,7.91,8,204584500
5/4/2012,7.9,7.92,7.7,7.74,194857200
5/7/2012,7.71,8,7.66,7.96,167662600
5/8/2012,7.87,7.9,7.69,7.79,180627900
5/9/2012,7.67,7.82,7.65,7.73,174742300
5/10/2012,7.91,7.94,7.67,7.7,156787300
5/11/2012,7.48,7.77,7.41,7.55,245533600
5/14/2012,7.37,7.52,7.35,7.35,170716800
5/15/2012,7.37,7.55,7.25,7.3,201254900
5/16/2012,7.4,7.47,7.08,7.11,216226100
5/17/2012,7.1,7.25,6.93,6.98,241468300
5/18/2012,7.01,7.03,6.89,7.02,223783500
5/21/2012,7.03,7.11,6.72,6.83,229980800
5/22/2012,6.92,7.15,6.86,6.98,221551500
5/23/2012,6.9,7.17,6.85,7.17,194441500
5/24/2012,7.26,7.33,7.01,7.14,206041500
5/25/2012,7.07,7.25,7.07,7.15,108661200
5/29/2012,7.28,7.45,7.22,7.44,159872200
5/30/2012,7.33,7.41,7.1,7.2,206801500
5/31/2012,7.21,7.37,7.04,7.35,203267300
6/1/2012,7.12,7.19,6.94,7.02,240859000
6/4/2012,7.1,7.1,6.85,6.9,163821500
6/5/2012,6.91,7.14,6.9,7.1,147346700
6/6/2012,7.24,7.77,7.18,7.64,356852900
6/7/2012,7.81,7.9,7.38,7.42,276170400
6/8/2012,7.35,7.58,7.2,7.56,234555000
6/11/2012,7.72,7.77,7.28,7.28,204590700
6/12/2012,7.32,7.5,7.22,7.49,148255600
6/13/2012,7.4,7.61,7.35,7.5,162374500
6/14/2012,7.52,7.69,7.45,7.66,157528300
6/15/2012,7.72,7.9,7.55,7.9,211751900
6/18/2012,7.77,7.91,7.73,7.76,140319900
6/19/2012,7.88,8.21,7.86,8.11,248771500
6/20/2012,8.16,8.22,8.02,8.14,213582800
6/21/2012,8.11,8.17,7.8,7.82,227157600
6/22/2012,7.97,8.01,7.79,7.94,142219300
6/25/2012,7.74,7.74,7.56,7.6,151907200
6/26/2012,7.65,7.68,7.48,7.62,129776500
6/27/2012,7.68,7.82,7.61,7.77,111335500
6/28/2012,7.62,7.75,7.53,7.74,133125300
6/29/2012,8,8.2,7.95,8.18,258769800
7/2/2012,8.2,8.21,7.87,8.05,152974000
7/3/2012,8.06,8.12,8.01,8.06,57653700
7/5/2012,8.03,8.06,7.82,7.82,120162000
7/6/2012,7.69,7.8,7.65,7.66,116595200
7/9/2012,7.63,7.7,7.53,7.56,87078300
7/10/2012,7.65,7.67,7.4,7.48,101758300
7/11/2012,7.49,7.69,7.45,7.63,128619400
7/12/2012,7.53,7.55,7.43,7.48,107637000
7/13/2012,7.56,7.83,7.55,7.82,177154500
7/16/2012,7.93,7.96,7.77,7.81,109439900
7/17/2012,7.92,7.93,7.75,7.92,127266800
7/18/2012,7.88,7.93,7.5,7.53,254341100
7/19/2012,7.56,7.65,7.12,7.26,260959200
7/20/2012,7.21,7.21,7.06,7.07,160463000
7/23/2012,6.94,7.15,6.9,7.09,168638000
7/24/2012,7.16,7.18,6.97,7.04,138286700
7/25/2012,7.11,7.16,7.01,7.07,117241300
7/26/2012,7.22,7.24,7.11,7.17,121121500
7/27/2012,7.2,7.4,7.14,7.31,146210900
7/30/2012,7.28,7.38,7.26,7.28,74683800
7/31/2012,7.28,7.34,7.21,7.34,86093200
8/1/2012,7.35,7.36,7.21,7.22,97187800
8/2/2012,7.12,7.26,7.1,7.18,112848000
8/3/2012,7.3,7.49,7.27,7.43,130250800
8/6/2012,7.45,7.68,7.44,7.64,112657000
8/7/2012,7.71,7.85,7.66,7.67,119572200
8/8/2012,7.58,7.77,7.57,7.67,73353500
8/9/2012,7.68,7.76,7.67,7.72,59676500
8/10/2012,7.66,7.76,7.63,7.74,50443800
8/13/2012,7.72,7.83,7.68,7.72,58341300
8/14/2012,7.78,7.9,7.74,7.78,104644000
8/15/2012,7.75,7.87,7.73,7.87,73559200
8/16/2012,7.89,7.96,7.83,7.93,78181200
8/17/2012,7.97,8.12,7.94,8,138307600
8/20/2012,7.98,8.19,7.98,8.15,100276900
8/21/2012,8.25,8.4,8.16,8.19,190820700
8/22/2012,8.14,8.32,8.12,8.22,140333800
8/23/2012,8.22,8.27,8.12,8.15,98866200
8/24/2012,8.12,8.21,8.03,8.16,88822200
8/27/2012,8.2,8.2,8.05,8.07,96142100
8/28/2012,8.04,8.11,7.95,7.96,96280400
8/29/2012,7.98,8.1,7.98,8,106910900
8/30/2012,7.95,7.95,7.83,7.91,91900100
8/31/2012,8,8.02,7.88,7.99,91730500
9/4/2012,8,8.11,7.95,8,81461800
9/5/2012,7.99,8.02,7.93,7.95,55769500
9/6/2012,8.04,8.35,8.03,8.35,200570300
9/7/2012,8.47,8.8,8.45,8.8,232843000
9/10/2012,8.84,8.92,8.53,8.58,190045600
9/11/2012,8.63,9.05,8.58,9.03,201630400
9/12/2012,9.15,9.19,8.87,8.97,204167100
9/13/2012,8.89,9.48,8.81,9.4,330759200
9/14/2012,9.6,9.79,9.45,9.55,329619800
9/17/2012,9.39,9.49,9.27,9.3,141409300
9/18/2012,9.16,9.29,9.09,9.23,150503600
9/19/2012,9.33,9.46,9.26,9.29,126360100
9/20/2012,9.14,9.25,9.08,9.19,111354300
9/21/2012,9.35,9.35,9.08,9.11,155865300
9/24/2012,8.99,9.2,8.95,9.1,113331700
9/25/2012,9.17,9.21,8.91,8.93,146678000
9/26/2012,8.86,8.91,8.7,8.82,158640100
9/27/2012,8.94,9.07,8.9,8.97,119023800
9/28/2012,8.89,8.93,8.79,8.83,119039200
10/1/2012,8.87,9.13,8.85,8.96,133194500
10/2/2012,9.1,9.11,8.88,8.93,109601600
10/3/2012,8.98,9.12,8.91,9.11,115670100
10/4/2012,9.2,9.42,9.15,9.41,160486300
10/5/2012,9.56,9.65,9.23,9.32,204255800
10/8/2012,9.16,9.38,9.13,9.28,81944200
10/9/2012,9.33,9.38,9.04,9.21,153036100
10/10/2012,9.19,9.27,9.06,9.21,110640900
10/11/2012,9.39,9.42,9.3,9.34,122925800
10/12/2012,9.16,9.28,9.05,9.12,158562500
10/15/2012,9.24,9.44,9.16,9.44,154458500
10/16/2012,9.53,9.6,9.38,9.46,172663600
10/17/2012,9.42,9.6,9.3,9.44,229733500
10/18/2012,9.38,9.57,9.37,9.47,149739000
10/19/2012,9.42,9.55,9.39,9.44,169451300
10/22/2012,9.47,9.56,9.41,9.55,132617600
10/23/2012,9.44,9.47,9.28,9.36,160627600
10/24/2012,9.45,9.49,9.3,9.31,120868300
10/25/2012,9.37,9.42,9.17,9.24,121778900
10/26/2012,9.17,9.27,9.05,9.12,124687200
10/31/2012,9.2,9.35,9.15,9.32,94925500
11/1/2012,9.34,9.75,9.27,9.74,205700000
11/2/2012,9.87,9.97,9.77,9.85,220993300
11/5/2012,9.83,9.93,9.62,9.75,121104400
11/6/2012,9.83,9.97,9.75,9.94,132533500
11/7/2012,9.63,9.67,9.22,9.23,286124300
11/8/2012,9.49,9.6,9.38,9.39,223927000
11/9/2012,9.3,9.59,9.27,9.43,141093100
11/12/2012,9.5,9.52,9.38,9.39,68498300
11/13/2012,9.31,9.55,9.28,9.33,119629700
11/14/2012,9.38,9.42,8.95,8.99,197392900
11/15/2012,9.03,9.2,9.02,9.09,144569800
11/16/2012,9.12,9.21,8.92,9.12,178995000
11/19/2012,9.36,9.53,9.32,9.49,146244000
11/20/2012,9.47,9.68,9.42,9.63,150696200
11/21/2012,9.67,9.78,9.63,9.77,132499300
11/23/2012,9.84,9.9,9.8,9.9,59048000
11/26/2012,9.82,9.87,9.75,9.84,99730900
11/27/2012,9.89,9.95,9.66,9.66,149684000
11/28/2012,9.56,9.76,9.38,9.76,152946500
11/29/2012,9.84,9.88,9.76,9.83,125905400
11/30/2012,9.78,9.87,9.76,9.86,108739700
12/3/2012,9.93,9.94,9.78,9.8,99872800
12/4/2012,9.79,9.91,9.77,9.91,144124500
12/5/2012,9.97,10.56,9.95,10.46,463491000
12/6/2012,10.51,10.58,10.29,10.46,176607900
12/7/2012,10.56,10.68,10.48,10.64,192055100
12/10/2012,10.6,10.63,10.46,10.57,148065200
12/11/2012,10.64,10.71,10.5,10.51,159121300
12/12/2012,10.59,10.7,10.51,10.61,166819300
12/13/2012,10.59,10.66,10.51,10.54,106232100
12/14/2012,10.55,10.6,10.52,10.58,91707200
12/17/2012,10.65,11,10.64,11,170087700
12/18/2012,11.24,11.36,11.05,11.36,255238400
12/19/2012,11.4,11.49,11.17,11.19,193013700
12/20/2012,11.1,11.52,11.08,11.52,184449000
12/21/2012,11.2,11.35,11.12,11.29,244892300
12/24/2012,11.27,11.29,11.21,11.25,50657100
12/26/2012,11.29,11.63,11.27,11.54,146097900
12/27/2012,11.66,11.69,11.23,11.47,210411400
12/28/2012,11.32,11.49,11.27,11.36,131872200
12/31/2012,11.37,11.65,11.3,11.61,170837500
1/2/2013,12.05,12.15,11.9,12.03,236021400
1/3/2013,12.01,12.05,11.88,11.96,157149700
1/4/2013,11.97,12.11,11.93,12.11,132601900
1/7/2013,12.15,12.2,12,12.09,201403500
1/8/2013,12.09,12.1,11.89,11.98,168461100
1/9/2013,11.87,12,11.33,11.43,335692000
1/10/2013,11.61,11.81,11.54,11.78,199964900
1/11/2013,11.7,11.72,11.51,11.63,146136700
1/14/2013,11.61,11.63,11.38,11.47,110032900
1/15/2013,11.38,11.62,11.3,11.55,126058300
1/16/2013,11.58,11.79,11.47,11.78,164579300
1/17/2013,11.69,11.7,11.17,11.28,323622200
1/18/2013,11.26,11.33,11.02,11.14,179971800
1/22/2013,11.12,11.36,11.09,11.35,137242700
1/23/2013,11.38,11.44,11.23,11.42,121638200
1/24/2013,11.45,11.67,11.42,11.53,127870800
1/25/2013,11.69,11.72,11.51,11.62,100171600
1/28/2013,11.64,11.67,11.43,11.48,91304200
1/29/2013,11.42,11.58,11.4,11.49,96824100
1/30/2013,11.49,11.54,11.35,11.38,89130200
1/31/2013,11.32,11.36,11.22,11.32,97024700
2/1/2013,11.41,11.73,11.37,11.71,161141300
2/4/2013,11.58,11.69,11.46,11.48,139733000
2/5/2013,11.59,11.98,11.56,11.88,187785900
2/6/2013,11.73,11.97,11.73,11.93,173626800
2/7/2013,11.97,11.98,11.73,11.84,173209900
2/8/2013,11.86,11.9,11.72,11.76,145321100
2/11/2013,11.73,11.9,11.67,11.86,103510800
2/12/2013,11.87,12.34,11.78,12.25,232173900
2/13/2013,12.35,12.42,12.05,12.17,192742500
2/14/2013,12.09,12.27,12.07,12.13,144104800
2/15/2013,12.21,12.21,11.97,12.03,158242700
2/19/2013,12.1,12.31,12.06,12.19,170783400
2/20/2013,12.18,12.29,11.75,11.8,193466400
2/21/2013,11.73,11.73,11.35,11.42,235532400
2/22/2013,11.62,11.64,11.26,11.44,179268200
2/25/2013,11.6,11.61,10.98,11.03,206893900
2/26/2013,11.12,11.22,11.03,11.13,173039600
2/27/2013,11.15,11.36,11.1,11.3,147145400
2/28/2013,11.33,11.37,11.2,11.23,143546700
3/1/2013,11.13,11.55,11.02,11.34,189050700
3/4/2013,11.27,11.45,11.22,11.41,116436000
3/5/2013,11.56,11.71,11.53,11.55,135869700
3/6/2013,11.77,12.02,11.76,11.92,182557500
3/7/2013,12,12.28,11.98,12.26,212403800
3/8/2013,12.42,12.44,12.02,12.07,209777100
3/11/2013,12.08,12.22,12.02,12.15,106427800
3/12/2013,12.11,12.18,11.91,12.01,128134700
3/13/2013,12.04,12.11,11.98,12.06,86216800
3/14/2013,12.12,12.19,12.1,12.11,115440000
3/15/2013,12.52,12.66,12.35,12.57,319019100
3/18/2013,12.29,12.68,12.26,12.56,189783300
3/19/2013,12.79,12.94,12.59,12.71,242939600
3/20/2013,12.79,12.89,12.71,12.78,219121700
3/21/2013,12.71,12.84,12.55,12.57,154529400
3/22/2013,12.62,12.67,12.48,12.56,101974400
3/25/2013,12.68,12.72,12.32,12.4,154320200
3/26/2013,12.45,12.5,12.15,12.28,135654700
3/27/2013,12.14,12.28,12.12,12.23,107177200
3/28/2013,12.24,12.28,12.11,12.18,92013900
4/1/2013,12.15,12.28,12.1,12.15,86281600
4/2/2013,12.24,12.25,12.14,12.15,102626000
4/3/2013,12.12,12.14,11.72,11.81,199765800
4/4/2013,11.81,11.99,11.72,11.94,117831400
4/5/2013,11.67,12.01,11.64,11.97,141061900
4/8/2013,12,12.21,11.91,12.21,101419200
4/9/2013,12.25,12.35,12.21,12.25,132365800
4/10/2013,12.31,12.4,12.26,12.32,105853900
4/11/2013,12.31,12.33,12.16,12.27,100241900
4/12/2013,12.15,12.25,12.07,12.17,88191700
4/15/2013,12.19,12.32,11.97,11.98,176504300
4/16/2013,12.21,12.36,12.08,12.28,147641900
4/17/2013,11.91,12.02,11.45,11.7,335408600
4/18/2013,11.61,11.65,11.23,11.44,220290500
4/19/2013,11.56,11.69,11.43,11.66,119792000
4/22/2013,11.68,11.75,11.57,11.72,88532300
4/23/2013,11.92,12.16,11.9,12.07,176816000
4/24/2013,12.14,12.37,12.12,12.31,120624900
4/25/2013,12.39,12.54,12.36,12.44,118694600
4/26/2013,12.34,12.46,12.29,12.42,83093200
4/29/2013,12.45,12.48,12.37,12.38,65432400
4/30/2013,12.39,12.4,12.2,12.31,89362100
5/1/2013,12.2,12.27,12.08,12.14,88417800
5/2/2013,12.17,12.21,12.05,12.19,76530500
5/3/2013,12.36,12.41,12.21,12.24,94322600
5/6/2013,12.39,12.89,12.36,12.88,265062800
5/7/2013,12.92,13.11,12.76,12.9,218248100
5/8/2013,12.85,13.18,12.84,13.02,149755400
5/9/2013,13.05,13.06,12.87,12.91,112952300
5/10/2013,12.94,13.04,12.89,13.02,87625100
5/13/2013,12.98,13.1,12.95,12.98,94295600
5/14/2013,13.04,13.36,13.02,13.34,154128100
5/15/2013,13.29,13.55,13.29,13.44,139728300
5/16/2013,13.41,13.55,13.32,13.36,117977000
5/17/2013,13.5,13.52,13.39,13.43,107335600
5/20/2013,13.39,13.6,13.39,13.51,88941700
5/21/2013,13.53,13.56,13.36,13.44,111810300
5/22/2013,13.49,13.73,13.17,13.31,174531500
5/23/2013,12.93,13.42,12.82,13.21,190522000
5/24/2013,13.17,13.26,13.12,13.24,83452600
5/28/2013,13.49,13.51,13.31,13.35,133553000
5/29/2013,13.31,13.56,13.27,13.48,126397300
5/30/2013,13.5,13.93,13.43,13.83,153383400
5/31/2013,13.91,13.99,13.65,13.66,160176100
6/3/2013,13.69,13.73,13.21,13.55,197168200
6/4/2013,13.51,13.67,13.31,13.36,130055400
6/5/2013,13.29,13.45,12.97,13.09,185778900
6/6/2013,13.08,13.24,12.85,13.2,142361900
6/7/2013,13.33,13.39,13.15,13.38,121057300
6/10/2013,13.49,13.55,13.26,13.3,104648500
6/11/2013,13.11,13.28,13.07,13.12,106369100
6/12/2013,13.24,13.25,12.97,13.06,117289400
6/13/2013,13,13.26,12.97,13.21,103636400
6/14/2013,13.23,13.24,13.03,13.07,101380700
6/17/2013,13.17,13.26,13.13,13.21,115441500
6/18/2013,13.22,13.34,13.2,13.27,67257600
6/19/2013,13.29,13.4,13.17,13.19,103850000
6/20/2013,13.08,13.14,12.8,12.89,185741100
6/21/2013,12.99,13,12.39,12.69,196004700
6/24/2013,12.4,12.45,12.13,12.3,159762500
6/25/2013,12.61,12.77,12.43,12.67,132844500
6/26/2013,12.84,12.85,12.68,12.76,105282000
6/27/2013,12.84,13.03,12.78,13.01,124616300
6/28/2013,12.97,13,12.84,12.86,90297100
7/1/2013,12.95,13.1,12.92,12.93,83146300
7/2/2013,12.95,13.1,12.8,12.9,83708600
7/3/2013,12.82,12.84,12.73,12.83,37971700
7/5/2013,12.99,13.08,12.91,13.06,80758500
7/8/2013,13.11,13.37,13.08,13.28,107441200
7/9/2013,13.37,13.53,13.25,13.53,106067300
7/10/2013,13.51,13.53,13.31,13.37,104353400
7/11/2013,13.54,13.58,13.33,13.51,93756500
7/12/2013,13.54,13.8,13.47,13.78,123958400
7/15/2013,13.93,13.94,13.76,13.88,90765200
7/16/2013,13.93,14.02,13.77,13.92,146041900
7/17/2013,14.06,14.44,14.04,14.31,249674500
7/18/2013,14.4,14.85,14.4,14.76,221796400
7/19/2013,14.76,14.76,14.6,14.75,136196600
7/22/2013,14.74,14.99,14.65,14.92,112416800
7/23/2013,14.98,15.03,14.86,14.94,113736000
7/24/2013,15,15,14.68,14.71,117771100
7/25/2013,14.62,14.85,14.54,14.83,89243300
7/26/2013,14.7,14.76,14.62,14.73,73777800
7/29/2013,14.65,14.7,14.45,14.52,88616700
7/30/2013,14.58,14.63,14.46,14.52,71675200
7/31/2013,14.58,14.85,14.57,14.6,128182500
8/1/2013,14.85,14.97,14.82,14.95,108554200
8/2/2013,14.88,14.91,14.78,14.84,83367400
8/5/2013,14.77,14.84,14.7,14.8,61711900
8/6/2013,14.74,14.76,14.63,14.64,84249800
8/7/2013,14.43,14.57,14.25,14.53,128693600
8/8/2013,14.68,14.7,14.44,14.61,88544100
8/9/2013,14.56,14.61,14.4,14.45,72897900
8/12/2013,14.36,14.47,14.32,14.41,60867500
8/13/2013,14.47,14.62,14.33,14.51,75777900
8/14/2013,14.55,14.75,14.54,14.6,78553700
8/15/2013,14.46,14.47,14.31,14.32,99238900
8/16/2013,14.29,14.47,14.21,14.42,104959000
8/19/2013,14.37,14.38,14.13,14.15,98384600
8/20/2013,14.18,14.38,13.98,14.29,114332500
8/21/2013,14.26,14.48,14.2,14.34,91680600
8/22/2013,14.47,14.6,14.4,14.57,76348300
8/23/2013,14.59,14.69,14.51,14.57,67699200
8/26/2013,14.53,14.7,14.49,14.49,68938900
8/27/2013,14.26,14.41,14.1,14.11,122534200
8/28/2013,14.07,14.25,13.99,14.12,96473600
8/29/2013,14.14,14.3,14.12,14.17,76691500
8/30/2013,14.23,14.25,14.07,14.12,73233400
9/3/2013,14.3,14.38,14.18,14.25,74628700
9/4/2013,14.21,14.4,14.21,14.32,71132500
9/5/2013,14.41,14.55,14.36,14.37,71229200
9/6/2013,14.47,14.5,14.27,14.36,75513100
9/9/2013,14.41,14.49,14.37,14.48,53447300
9/10/2013,14.52,14.69,14.52,14.61,93180300
9/11/2013,14.56,14.68,14.52,14.65,81098900
9/12/2013,14.65,14.68,14.46,14.48,63355900
9/13/2013,14.46,14.55,14.45,14.49,56793400
9/16/2013,14.61,14.68,14.53,14.53,65276500
9/17/2013,14.53,14.62,14.4,14.55,73686100
9/18/2013,14.53,14.82,14.49,14.71,127092600
9/19/2013,14.8,14.83,14.58,14.61,79710700
9/20/2013,14.65,14.66,14.44,14.44,145174800
9/23/2013,14.31,14.32,14.09,14.14,127283100
9/24/2013,14.18,14.25,14.01,14.09,96912800
9/25/2013,14.12,14.24,14.03,14.14,86546100
9/26/2013,14.19,14.22,13.98,14.08,89352900
9/27/2013,13.99,14.03,13.88,13.9,79156000
9/30/2013,13.69,13.93,13.6,13.8,104439900
10/1/2013,13.85,13.92,13.81,13.9,57631000
10/2/2013,13.81,14.1,13.79,14.06,89186300
10/3/2013,14.07,14.1,13.83,14,95269000
10/4/2013,14.02,14.08,13.96,14.05,63495400
10/7/2013,13.91,13.95,13.8,13.81,64822700
10/8/2013,13.83,13.9,13.68,13.69,92746200
10/9/2013,13.72,13.93,13.69,13.84,96012800
10/10/2013,14.03,14.25,14.01,14.23,102305800
10/11/2013,14.24,14.28,14.11,14.19,83422000
10/14/2013,14.06,14.39,14.05,14.35,78367500
10/15/2013,14.39,14.43,14.21,14.24,102099300
10/16/2013,14.32,14.61,14.32,14.56,153481000
10/17/2013,14.45,14.66,14.41,14.66,94090800
10/18/2013,14.68,14.72,14.53,14.63,96986400
10/21/2013,14.53,14.59,14.47,14.52,91280600
10/22/2013,14.55,14.63,14.45,14.52,102836000
10/23/2013,14.45,14.48,14.17,14.21,108529700
10/24/2013,14.12,14.2,14.07,14.17,92566100
10/25/2013,14.15,14.27,14.14,14.26,58592400
10/28/2013,14.29,14.32,14.21,14.23,62328000
10/29/2013,14.26,14.29,14.06,14.15,79563100
10/30/2013,14.19,14.29,14.15,14.17,76624200
10/31/2013,14.14,14.16,13.96,13.97,105713400
11/1/2013,14,14.1,13.96,14.02,75610400
11/4/2013,14.09,14.12,14,14.04,53063200
11/5/2013,13.99,14.02,13.9,13.93,71809700
11/6/2013,13.99,14.02,13.91,13.96,66712900
11/7/2013,14,14.03,13.8,13.8,80775000
11/8/2013,13.86,14.32,13.84,14.32,158227300
11/11/2013,14.27,14.42,14.24,14.4,66357400
11/12/2013,14.33,14.46,14.26,14.32,69498300
11/13/2013,14.26,14.64,14.2,14.64,128018500
11/14/2013,14.68,14.82,14.61,14.8,128999400
11/15/2013,14.79,14.95,14.77,14.92,105475300
11/18/2013,14.98,15.17,14.86,14.92,145554400
11/19/2013,14.98,15.3,14.97,15.2,161505600
11/20/2013,15.25,15.27,15.08,15.14,107174900
11/21/2013,15.22,15.6,15.2,15.59,142053600
11/22/2013,15.7,15.79,15.6,15.64,110331100
11/25/2013,15.67,15.98,15.66,15.81,153765500
11/26/2013,15.84,15.97,15.81,15.88,114833700
11/27/2013,15.87,15.94,15.76,15.83,75503600
11/29/2013,15.84,15.92,15.79,15.82,44288400
12/2/2013,15.84,15.97,15.7,15.73,92987400
12/3/2013,15.64,15.79,15.39,15.54,106450300
12/4/2013,15.39,15.73,15.36,15.63,96678100
12/5/2013,15.61,15.64,15.36,15.43,95230500
12/6/2013,15.61,15.72,15.46,15.56,92203100
12/9/2013,15.62,15.67,15.56,15.58,50167200
12/10/2013,15.52,15.68,15.51,15.56,67486300
12/11/2013,15.55,15.55,15.18,15.25,117565000
12/12/2013,15.26,15.35,15.12,15.25,76113900
12/13/2013,15.28,15.33,15.13,15.18,61575600
12/16/2013,15.22,15.34,15.2,15.24,71467000
12/17/2013,15.24,15.3,15.14,15.18,74247300
12/18/2013,15.28,15.71,15.06,15.69,152929300
12/19/2013,15.66,15.79,15.6,15.75,97776100
12/20/2013,15.75,15.87,15.6,15.6,131956000
12/23/2013,15.72,15.79,15.69,15.69,52565800
12/24/2013,15.72,15.75,15.67,15.7,21770400
12/26/2013,15.74,15.75,15.64,15.65,48803600
12/27/2013,15.67,15.7,15.58,15.67,40049300
12/30/2013,15.64,15.69,15.52,15.54,56218800
12/31/2013,15.6,15.62,15.51,15.57,57188900
1/2/2014,15.69,16.16,15.68,16.1,148709900
1/3/2014,16.27,16.5,16.23,16.41,129921800
1/6/2014,16.629999,16.73,16.559999,16.66,114431300
1/7/2014,16.77,16.790001,16.450001,16.5,110605100
1/8/2014,16.67,16.690001,16.52,16.58,101036400
1/9/2014,16.67,16.93,16.610001,16.83,100947200
1/10/2014,16.75,16.790001,16.610001,16.77,87454100
1/13/2014,16.790001,16.799999,16.4,16.43,90025400
1/14/2014,16.540001,16.77,16.530001,16.77,97786600
1/15/2014,17.23,17.42,17.110001,17.15,329333100
1/16/2014,17.09,17.139999,16.99,17.08,163613100
1/17/2014,17.200001,17.219999,16.99,17.01,96232200
1/21/2014,17.08,17.16,16.870001,17.01,118269200
1/22/2014,17.08,17.15,17,17.15,68114400
1/23/2014,17.07,17.09,16.74,16.860001,123765900
1/24/2014,16.67,16.719999,16.450001,16.450001,112899300
1/27/2014,16.370001,16.540001,16.059999,16.309999,134872600
1/28/2014,16.450001,16.76,16.370001,16.73,92891300
1/29/2014,16.549999,16.85,16.49,16.68,130026900
1/30/2014,16.809999,16.99,16.77,16.93,91028200
1/31/2014,16.719999,16.98,16.610001,16.75,139432100
2/3/2014,16.77,16.879999,16.299999,16.35,159981200
2/4/2014,16.49,16.559999,16.26,16.35,125337000
2/5/2014,16.309999,16.450001,16.15,16.4,110576200
2/6/2014,16.450001,16.73,16.440001,16.690001,110029100
2/7/2014,16.82,16.879999,16.629999,16.82,122571100
2/10/2014,16.709999,16.73,16.6,16.719999,95792500
2/11/2014,16.73,16.92,16.639999,16.879999,92617500
2/12/2014,16.870001,16.91,16.65,16.75,96948900
2/13/2014,16.65,16.82,16.629999,16.75,95756900
2/14/2014,16.74,16.76,16.65,16.700001,100684300
2/18/2014,16.700001,16.74,16.469999,16.469999,121778600
2/19/2014,16.379999,16.450001,16.18,16.200001,137734500
2/20/2014,16.219999,16.360001,16.18,16.299999,107425900
2/21/2014,16.290001,16.49,16.25,16.290001,106236900
2/24/2014,16.299999,16.629999,16.299999,16.530001,102909600
2/25/2014,16.5,16.559999,16.32,16.34,81457000
2/26/2014,16.360001,16.4,16.129999,16.33,89831600
2/27/2014,16.27,16.49,16.209999,16.49,71314500
2/28/2014,16.49,16.65,16.35,16.530001,126252100
3/3/2014,16.299999,16.41,16.190001,16.299999,87526800
3/4/2014,16.48,16.74,16.43,16.73,100849900
3/5/2014,16.790001,17.309999,16.780001,17.25,207180000
3/6/2014,17.42,17.629999,17.309999,17.35,138078900
3/7/2014,17.540001,17.59,17.25,17.33,109547100
3/10/2014,17.27,17.469999,17.25,17.469999,81732700
3/11/2014,17.51,17.52,17.25,17.27,90183400
3/12/2014,17.18,17.33,17.07,17.280001,83309200
3/13/2014,17.34,17.469999,17.07,17.16,100875700
3/14/2014,17.08,17.219999,16.76,16.799999,131297200
3/17/2014,16.98,17.17,16.969999,17.110001,79942200
3/18/2014,17.139999,17.219999,17.07,17.190001,67402400
3/19/2014,17.16,17.49,17.120001,17.440001,105006500
3/20/2014,17.440001,18,17.43,17.92,167048700
3/21/2014,18.030001,18.030001,17.559999,17.559999,155721000
3/24/2014,17.620001,17.65,17.299999,17.370001,118500000
3/25/2014,17.49,17.58,17.200001,17.209999,98348600
3/26/2014,17.379999,17.4,17.18,17.18,97573700
3/27/2014,17.280001,17.49,16.83,17.01,175139500
3/28/2014,17.09,17.15,16.85,16.98,79909500
3/31/2014,17.15,17.27,17.120001,17.200001,62115800
4/1/2014,17.280001,17.4,17.26,17.34,57423800
4/2/2014,17.35,17.379999,17.129999,17.23,65349000
4/3/2014,17.209999,17.24,17.030001,17.15,56534500
4/4/2014,17.209999,17.219999,16.700001,16.719999,110409600
4/7/2014,16.690001,16.700001,16.190001,16.379999,129464900
4/8/2014,16.370001,16.5,16.25,16.440001,75769700
4/9/2014,16.549999,16.629999,16.35,16.620001,83096400
4/10/2014,16.620001,16.620001,16.1,16.120001,98390900
4/11/2014,15.86,16.129999,15.62,15.77,133757100
4/14/2014,16.049999,16.219999,15.78,16,99249400
4/15/2014,16.09,16.41,15.96,16.389999,134956600
4/16/2014,16.200001,16.219999,15.78,16.129999,172948900
4/17/2014,16.139999,16.25,15.93,16.15,104765500
4/21/2014,16.15,16.17,16.030001,16.09,51280500
4/22/2014,16.09,16.34,16.040001,16.290001,77888900
4/23/2014,16.299999,16.4,16.23,16.370001,52425600
4/24/2014,16.43,16.5,16.209999,16.34,73910900
4/25/2014,16.1,16.23,15.93,15.95,84617700
4/28/2014,15.33,15.41,14.86,14.95,344935200
4/29/2014,15.04,15.3,14.91,15.24,155495000
4/30/2014,15.26,15.27,15.13,15.14,82359700
5/1/2014,15.14,15.22,15.03,15.09,68368300
5/2/2014,15.18,15.29,15.1,15.25,73562900
5/5/2014,15.08,15.13,15.02,15.08,51669100
5/6/2014,15.03,15.03,14.72,14.73,96268300
5/7/2014,14.86,14.92,14.75,14.8,91733000
5/8/2014,14.85,15.04,14.8,14.93,65232700
5/9/2014,14.95,14.99,14.67,14.74,86751600
5/12/2014,14.79,15.1,14.79,15.07,70669900
5/13/2014,15.04,15.1,14.94,15.03,58469100
5/14/2014,14.99,15.02,14.81,14.84,52431900
5/15/2014,14.82,14.83,14.39,14.55,104193000
5/16/2014,14.51,14.54,14.37,14.51,80476100
5/19/2014,14.43,14.7,14.38,14.67,51034700
5/20/2014,14.65,14.69,14.48,14.53,60108200
5/21/2014,14.59,14.71,14.5,14.61,64808600
5/22/2014,14.58,14.72,14.55,14.71,51929400
5/23/2014,14.71,14.81,14.65,14.72,51648900
5/27/2014,15,15.31,14.98,15.22,125398900
5/28/2014,15.27,15.28,15.03,15.14,72481700
5/29/2014,15.12,15.21,15.1,15.15,39423000
5/30/2014,15.12,15.23,15.07,15.14,45787100
6/2/2014,15.16,15.28,15.05,15.26,46374000
6/3/2014,15.2,15.28,15.11,15.21,49025400
6/4/2014,15.19,15.26,15.15,15.21,39757300
6/5/2014,15.28,15.48,15.22,15.43,60300500
6/6/2014,15.45,15.65,15.43,15.59,73930500
6/9/2014,15.6,15.88,15.6,15.84,78647900
6/10/2014,15.78,15.94,15.73,15.92,49852900
6/11/2014,15.69,15.82,15.55,15.59,73729300
6/12/2014,15.57,15.66,15.38,15.42,66173200
6/13/2014,15.46,15.55,15.33,15.44,61588100
6/16/2014,15.3,15.31,15.18,15.28,55425400
6/17/2014,15.27,15.62,15.26,15.59,58011600
6/18/2014,15.63,15.69,15.44,15.65,70220300
6/19/2014,15.66,15.67,15.5,15.55,40953900
6/20/2014,15.63,15.63,15.44,15.45,54765300
6/23/2014,15.47,15.65,15.38,15.64,58492200
6/24/2014,15.56,15.7,15.44,15.49,73262500
6/25/2014,15.45,15.49,15.28,15.47,71766400
6/26/2014,15.44,15.53,15.27,15.41,68519600
6/27/2014,15.38,15.42,15.31,15.33,58149200
6/30/2014,15.31,15.45,15.29,15.37,47776800
7/1/2014,15.38,15.65,15.38,15.6,74193500
7/2/2014,15.78,16.030001,15.76,15.85,87685800
7/3/2014,16.07,16.23,16,16.030001,70582300
7/7/2014,15.99,16,15.83,15.94,62437100
7/8/2014,15.82,15.83,15.52,15.58,73343400
7/9/2014,15.62,15.69,15.54,15.6,46415800
7/10/2014,15.33,15.53,15.25,15.44,61458500
7/11/2014,15.39,15.43,15.3,15.38,56849400
7/14/2014,15.62,15.67,15.52,15.57,59181700
7/15/2014,15.75,15.85,15.66,15.81,99946700
7/16/2014,15.66,15.66,15.43,15.51,123897400
7/17/2014,15.45,15.48,15.13,15.2,114839900
7/18/2014,15.27,15.5,15.25,15.49,74859200
7/21/2014,15.42,15.55,15.36,15.52,61802200
7/22/2014,15.59,15.62,15.47,15.52,58331100
7/23/2014,15.52,15.63,15.51,15.52,47253300
7/24/2014,15.56,15.64,15.55,15.62,46549800
7/25/2014,15.59,15.63,15.55,15.59,35627200
7/28/2014,15.59,15.61,15.46,15.5,39313000
7/29/2014,15.52,15.53,15.34,15.34,51480500
7/30/2014,15.43,15.67,15.31,15.58,83243100
7/31/2014,15.44,15.55,15.25,15.25,70677300
8/1/2014,15.18,15.39,14.84,14.98,115978900
8/4/2014,15.07,15.12,14.98,15.05,51954700
8/5/2014,15.01,15.2,14.9,15,65071500
8/6/2014,15.14,15.36,15.14,15.2,95977900
8/7/2014,15.44,15.44,15.09,15.12,80058300
8/8/2014,15.08,15.2,14.99,15.2,54495000
8/11/2014,15.26,15.27,15.15,15.22,41545100
8/12/2014,15.18,15.3,15.15,15.21,33674400
8/13/2014,15.25,15.29,15.2,15.25,34394600
8/14/2014,15.26,15.32,15.26,15.32,29934600
8/15/2014,15.34,15.41,15.14,15.22,61535500
8/18/2014,15.28,15.45,15.27,15.45,54968600
8/19/2014,15.52,15.65,15.44,15.45,44825500
8/20/2014,15.41,15.63,15.37,15.52,57825000
8/21/2014,15.69,16.219999,15.62,16.16,177294400
8/22/2014,16.16,16.290001,16.049999,16.129999,107641800
8/25/2014,16.27,16.4,16.200001,16.290001,89396500
8/26/2014,16.34,16.459999,16.32,16.33,73323400
8/27/2014,16.370001,16.389999,16.139999,16.200001,63061800
8/28/2014,16.1,16.1,15.99,16.01,62170400
8/29/2014,16.049999,16.139999,16.02,16.09,50106600
9/2/2014,16.139999,16.280001,16.059999,16.27,59400400
9/3/2014,16.27,16.280001,16.040001,16.1,67418900
9/4/2014,16.1,16.27,16.040001,16.110001,56378600
9/5/2014,16.049999,16.07,15.9,16.02,80974900
9/8/2014,16.190001,16.370001,16.15,16.35,99411200
9/9/2014,16.25,16.26,16.1,16.139999,82428900
9/10/2014,16.16,16.4,16.129999,16.360001,75656100
9/11/2014,16.32,16.629999,16.299999,16.57,106598100
9/12/2014,16.620001,16.83,16.610001,16.790001,117118300
9/15/2014,16.799999,16.93,16.620001,16.74,87306900
9/16/2014,16.67,16.84,16.67,16.709999,65017200
9/17/2014,16.709999,16.93,16.68,16.77,82902700
9/18/2014,16.879999,17.15,16.870001,17.040001,111923200
9/19/2014,17.15,17.17,16.879999,16.950001,88455000
9/22/2014,17.09,17.17,16.99,17.030001,109276700
9/23/2014,17.049999,17.200001,17.030001,17.049999,91921900
9/24/2014,17.120001,17.190001,16.969999,17.18,86396100
9/25/2014,17.16,17.18,16.85,16.85,104522500
9/26/2014,16.91,17.049999,16.889999,17.030001,66785900
9/29/2014,16.91,17.049999,16.879999,17.01,68038300
9/30/2014,17.08,17.110001,16.969999,17.049999,82217400
10/1/2014,17.07,17.09,16.799999,16.82,91235900
10/2/2014,16.860001,16.99,16.629999,16.879999,118018800
10/3/2014,17.110001,17.299999,17.059999,17.290001,110840600
10/6/2014,17.370001,17.41,17.219999,17.290001,66212100
10/7/2014,17.18,17.200001,16.879999,16.879999,91396300
10/8/2014,16.879999,17.120001,16.719999,17.120001,101266800
10/9/2014,17.040001,17.110001,16.549999,16.59,121363100
10/10/2014,16.52,16.77,16.360001,16.48,129552700
10/13/2014,16.48,16.67,16.4,16.4,92674100
10/14/2014,16.51,16.629999,16.360001,16.52,97451900
10/15/2014,16.23,16.24,15.43,15.76,216591800
10/16/2014,15.61,16.25,15.52,16.08,148199400
10/17/2014,16.25,16.41,16.16,16.209999,94339200
10/20/2014,16.200001,16.33,16.16,16.26,76510700
10/21/2014,16.43,16.610001,16.309999,16.6,78287300
10/22/2014,16.59,16.700001,16.370001,16.4,85199800
10/23/2014,16.58,16.73,16.52,16.6,68436600
10/24/2014,16.629999,16.719999,16.559999,16.719999,41951400
10/27/2014,16.68,16.690001,16.5,16.59,51500000
10/28/2014,16.620001,16.799999,16.610001,16.799999,71580600
10/29/2014,16.77,17.02,16.709999,16.99,99875700
10/30/2014,16.959999,17.120001,16.84,17.030001,72579100
10/31/2014,17.17,17.219999,17.1,17.16,82788900
11/3/2014,17.18,17.35,17.1,17.27,64050700
11/4/2014,17.219999,17.299999,17.02,17.209999,53515400
11/5/2014,17.32,17.370001,17.209999,17.34,58608200
11/6/2014,17.34,17.4,17.280001,17.360001,57339200
11/7/2014,17.309999,17.379999,17.219999,17.360001,53907800
11/10/2014,17.360001,17.4,17.299999,17.370001,54261100
11/11/2014,17.370001,17.459999,17.299999,17.32,62236000
11/12/2014,17.24,17.299999,17.07,17.290001,48669100
11/13/2014,17.290001,17.299999,17.120001,17.219999,50586300
11/14/2014,17.17,17.25,17.1,17.139999,41144600
11/17/2014,17.059999,17.139999,16.969999,17.09,43393300
11/18/2014,17.07,17.219999,17.059999,17.139999,39490700
11/19/2014,17.15,17.15,17.01,17.059999,49441600
11/20/2014,16.959999,17.01,16.83,17,49652100
11/21/2014,17.15,17.190001,17.059999,17.120001,63000000
11/24/2014,17.16,17.280001,17.08,17.18,52785700
11/25/2014,17.23,17.26,17.08,17.1,44786300
11/26/2014,17.120001,17.15,17.040001,17.110001,27310300
11/28/2014,17.07,17.15,17.030001,17.040001,27834900
12/1/2014,16.92,16.940001,16.73,16.790001,61173100
12/2/2014,16.870001,17.15,16.860001,17.15,62301200
12/3/2014,17.1,17.299999,17.059999,17.290001,70104200
12/4/2014,17.24,17.34,17.129999,17.209999,49412800
12/5/2014,17.41,17.709999,17.35,17.68,131824000
12/8/2014,17.66,17.870001,17.51,17.66,101035100
12/9/2014,17.18,17.59,17.17,17.559999,95939400
12/10/2014,17.48,17.68,17.370001,17.379999,103611100
12/11/2014,17.440001,17.65,17.440001,17.469999,80173200
12/12/2014,17.469999,17.469999,17.129999,17.129999,88886700
12/15/2014,17.299999,17.309999,16.76,16.85,101305300
12/16/2014,16.74,17.190001,16.59,16.719999,96112000
12/17/2014,16.870001,17.27,16.82,17.26,92164100
12/18/2014,17.469999,17.530001,17.34,17.530001,79334000
12/19/2014,17.49,17.700001,17.49,17.620001,105588200
12/22/2014,17.65,17.73,17.549999,17.709999,70969300
12/23/2014,17.83,17.99,17.780001,17.93,94405200
12/24/2014,17.969999,18.1,17.92,17.98,35091300
12/26/2014,18.02,18.049999,17.950001,17.98,34362500
12/29/2014,17.969999,18.190001,17.91,18.110001,58370900
12/30/2014,18.040001,18.18,18.01,18.129999,41433500
12/31/2014,18.190001,18.209999,17.889999,17.889999,57819600
1/2/2015,17.99,18.030001,17.68,17.9,48951100
1/5/2015,17.790001,17.809999,17.290001,17.379999,105605500
1/6/2015,17.42,17.440001,16.780001,16.860001,144912400
1/7/2015,17.139999,17.18,16.870001,16.940001,104603800
1/8/2015,17.16,17.34,17.1,17.290001,73388500
1/9/2015,17.379999,17.379999,16.950001,16.98,84144600
1/12/2015,17.02,17.030001,16.66,16.68,92762500
1/13/2015,16.82,16.889999,16.32,16.450001,100845400
1/14/2015,16,16.219999,15.77,16.040001,164779800
1/15/2015,15.59,15.76,15.15,15.2,193241300
1/16/2015,15.16,15.4,14.97,15.38,149802000
1/20/2015,15.59,15.63,15.2,15.26,123402800
1/21/2015,15.28,15.57,15.15,15.41,101054200
1/22/2015,15.55,16.190001,15.43,16.09,183042100
1/23/2015,16.040001,16.190001,15.73,15.73,103376900
1/26/2015,15.72,15.93,15.7,15.85,69969300
1/27/2015,15.55,15.79,15.48,15.63,86184200
1/28/2015,15.72,15.73,15.18,15.2,105359800
1/29/2015,15.31,15.49,15.2,15.43,76095800
1/30/2015,15.23,15.47,15.15,15.15,99844600
2/2/2015,15.27,15.49,15.12,15.46,101586700
2/3/2015,15.62,15.93,15.61,15.89,105159400
2/4/2015,15.79,16,15.75,15.79,83848100
2/5/2015,15.98,16.09,15.9,15.97,92264700
2/6/2015,16.299999,16.75,16.219999,16.49,154352900
2/9/2015,16.35,16.5,16.25,16.35,95532900
2/10/2015,16.559999,16.620001,16.35,16.42,100322800
2/11/2015,16.33,16.450001,16.209999,16.360001,99924400
2/12/2015,16.41,16.73,16.370001,16.67,116394100
2/13/2015,16.73,16.790001,16.540001,16.610001,93632700
2/17/2015,16.52,16.68,16.370001,16.629999,93350600
2/18/2015,16.549999,16.559999,16.24,16.299999,84057400
2/19/2015,16.209999,16.379999,16.08,16.209999,83604300
2/20/2015,16.139999,16.43,16.01,16.379999,89763600
2/23/2015,16.32,16.32,16.1,16.200001,87623700
2/24/2015,16.27,16.549999,16.25,16.379999,74109600
2/25/2015,16.370001,16.5,16.32,16.49,57201000
2/26/2015,16.42,16.440001,15.9,16.040001,161100700
2/27/2015,15.78,15.88,15.62,15.81,130448200
3/2/2015,15.79,16.030001,15.72,16.01,71402400
3/3/2015,16.030001,16.15,15.96,16.040001,65689800
3/4/2015,15.96,15.98,15.76,15.84,78441600
3/5/2015,15.92,16.030001,15.75,16,69510000
3/6/2015,16,16.620001,16,16.219999,163207200
3/9/2015,16.309999,16.33,16.120001,16.17,72912700
3/10/2015,16.040001,16.129999,15.79,15.79,85633600
3/11/2015,15.92,16.16,15.87,16.110001,85910100
3/12/2015,16.049999,16.209999,15.9,16.09,126376300
3/13/2015,16.08,16.15,15.94,16.09,88581900
3/16/2015,16.110001,16.219999,15.85,16.129999,63406500
3/17/2015,16.07,16.120001,15.96,16.09,67315000
3/18/2015,16.01,16.1,15.91,15.98,86387600
3/19/2015,15.96,15.97,15.61,15.61,109169200
3/20/2015,15.7,15.93,15.64,15.84,99867700
3/23/2015,15.82,15.88,15.72,15.72,73773500
3/24/2015,15.73,15.8,15.61,15.61,77011000
3/25/2015,15.63,15.65,15.4,15.41,88541500
3/26/2015,15.39,15.54,15.26,15.42,76741500
3/27/2015,15.48,15.49,15.27,15.31,73140800
3/30/2015,15.42,15.61,15.4,15.52,70835300
3/31/2015,15.5,15.52,15.38,15.39,61381700
4/1/2015,15.42,15.46,15.25,15.41,73153900
4/2/2015,15.43,15.62,15.43,15.54,50443500
4/6/2015,15.39,15.6,15.34,15.51,51189500
4/7/2015,15.53,15.65,15.45,15.46,50057800
4/8/2015,15.51,15.74,15.5,15.61,71732500
4/9/2015,15.63,15.76,15.53,15.71,44935600
4/10/2015,15.69,15.79,15.6,15.72,43817700
4/13/2015,15.78,15.86,15.74,15.8,49191200
4/14/2015,15.88,15.95,15.71,15.82,84385400
4/15/2015,15.7,15.85,15.59,15.64,124479100
4/16/2015,15.64,15.94,15.58,15.79,105591000
4/17/2015,15.71,15.75,15.5,15.56,88994300
4/20/2015,15.62,15.69,15.56,15.57,53649400
4/21/2015,15.6,15.64,15.43,15.5,64033100
4/22/2015,15.55,15.83,15.49,15.74,73092800
4/23/2015,15.72,15.8,15.68,15.69,50292200
4/24/2015,15.71,15.75,15.61,15.64,40766100
4/27/2015,15.63,15.76,15.56,15.56,73523400
4/28/2015,15.58,15.71,15.5,15.65,58080100
4/29/2015,15.6,16.040001,15.57,15.98,134499400
4/30/2015,16,16.049999,15.8,15.93,78313900
5/1/2015,16,16.15,15.92,16.110001,78171400
5/4/2015,16.139999,16.450001,16.120001,16.440001,76592300
5/5/2015,16.42,16.610001,16.33,16.35,106148700
5/6/2015,16.360001,16.49,16.08,16.290001,96426500
5/7/2015,16.23,16.33,16.09,16.24,73794800
5/8/2015,16.32,16.459999,16.219999,16.450001,86333700
5/11/2015,16.450001,16.59,16.43,16.49,56246000
5/12/2015,16.459999,16.48,16.35,16.43,59627100
5/13/2015,16.440001,16.52,16.360001,16.469999,47330600
5/14/2015,16.530001,16.59,16.450001,16.52,55395700
5/15/2015,16.52,16.52,16.299999,16.35,54937800
5/18/2015,16.309999,16.540001,16.309999,16.51,51059900
5/19/2015,16.59,16.780001,16.58,16.77,89115500
5/20/2015,16.780001,16.85,16.629999,16.74,67684000
5/21/2015,16.709999,16.75,16.559999,16.73,52056600
5/22/2015,16.719999,16.799999,16.700001,16.75,47032900
5/26/2015,16.73,16.73,16.43,16.5,100048200
5/27/2015,16.559999,16.75,16.540001,16.74,70026700
5/28/2015,16.719999,16.73,16.58,16.67,60970000
5/29/2015,16.66,16.67,16.469999,16.5,74266200
6/1/2015,16.58,16.639999,16.469999,16.549999,62941600
6/2/2015,16.52,16.76,16.5,16.719999,65513200
6/3/2015,16.67,17.02,16.67,16.93,89614900
6/4/2015,16.870001,16.98,16.719999,16.780001,61025500
6/5/2015,17.040001,17.35,16.969999,17.190001,119087400
6/8/2015,17.27,17.33,17.049999,17.08,69749600
6/9/2015,17.049999,17.35,17,17.309999,82104900
6/10/2015,17.389999,17.620001,17.360001,17.59,102643100
6/11/2015,17.620001,17.68,17.440001,17.49,77191500
6/12/2015,17.450001,17.58,17.360001,17.49,53149400
6/15/2015,17.33,17.5,17.25,17.469999,68053400
6/16/2015,17.459999,17.559999,17.370001,17.549999,47291200
6/17/2015,17.59,17.6,17.299999,17.370001,88712100
6/18/2015,17.35,17.4,17.219999,17.379999,97599900
6/19/2015,17.280001,17.389999,17.120001,17.17,83395400
6/22/2015,17.360001,17.530001,17.35,17.469999,58477700
6/23/2015,17.559999,17.719999,17.559999,17.67,63865700
6/24/2015,17.530001,17.690001,17.450001,17.49,59079500
6/25/2015,17.57,17.620001,17.35,17.370001,59772200
6/26/2015,17.48,17.52,17.35,17.41,63080800
6/29/2015,17.129999,17.25,16.860001,16.889999,98604200
6/30/2015,17.08,17.129999,16.85,17.02,89039800
7/1/2015,17.25,17.309999,17.09,17.219999,62317400
7/2/2015,17.16,17.209999,16.889999,17.030001,64736500
7/6/2015,16.780001,17.01,16.709999,16.940001,58726900
7/7/2015,16.9,16.93,16.34,16.690001,115450500
7/8/2015,16.42,16.5,16.219999,16.25,83033000
7/9/2015,16.530001,16.719999,16.450001,16.48,81534400
7/10/2015,16.799999,16.84,16.66,16.700001,72965300
7/13/2015,16.969999,17.049999,16.9,17.02,67934300
7/14/2015,16.93,17.15,16.860001,17.129999,69999800
7/15/2015,17.530001,17.85,17.49,17.68,173099900
7/16/2015,17.91,18.07,17.860001,17.950001,117054300
7/17/2015,17.959999,18.16,17.889999,18.1,96894900
7/20/2015,18.15,18.23,18.08,18.120001,71980100
7/21/2015,18.110001,18.17,18.02,18.08,63732800
7/22/2015,18.030001,18.48,18.030001,18.450001,110327000
7/23/2015,18.389999,18.43,18.08,18.18,103650100
7/24/2015,18.18,18.23,17.84,17.9,86364300
7/27/2015,17.66,17.780001,17.5,17.67,93231900
7/28/2015,17.790001,17.889999,17.6,17.879999,82166800
7/29/2015,17.950001,18.200001,17.92,18.16,96388600
7/30/2015,18.200001,18.290001,18.049999,18.129999,65667900
7/31/2015,18.030001,18.059999,17.860001,17.879999,67176900
8/3/2015,17.91,17.969999,17.639999,17.77,62376800
8/4/2015,17.790001,17.93,17.709999,17.799999,69741500
8/5/2015,17.93,18.049999,17.799999,17.870001,65228600
8/6/2015,17.91,17.98,17.77,17.809999,47594700
8/7/2015,17.92,18.07,17.6,17.75,71020700
8/10/2015,17.870001,18.049999,17.860001,18.040001,65791200
8/11/2015,17.85,17.969999,17.719999,17.790001,65868600
8/12/2015,17.620001,17.65,17.02,17.52,141600100
8/13/2015,17.559999,17.690001,17.440001,17.620001,67456200
8/14/2015,17.57,17.700001,17.540001,17.700001,52710300
8/17/2015,17.610001,17.809999,17.559999,17.77,42310000
8/18/2015,17.719999,17.9,17.65,17.690001,50360700
8/19/2015,17.549999,17.690001,17.440001,17.459999,78540500
8/20/2015,17.190001,17.200001,16.719999,16.719999,149185400
8/21/2015,16.200001,16.66,16.1,16.1,148874300
8/24/2015,15.02,15.98,14.6,15.29,214649500
8/25/2015,16.200001,16.200001,15.25,15.26,194377000
8/26/2015,15.81,16.059999,15.34,16.059999,174208500
8/27/2015,16.379999,16.450001,16.09,16.440001,124185400
8/28/2015,16.4,16.440001,16.200001,16.360001,75899300
8/31/2015,16.33,16.379999,16.18,16.34,66695200
9/1/2015,15.95,16.049999,15.46,15.58,119064000
9/2/2015,15.82,15.86,15.57,15.85,74820400
9/3/2015,15.97,16.190001,15.87,15.94,77175800
9/4/2015,15.79,15.86,15.5,15.65,104539500
9/8/2015,15.96,16.16,15.9,16.16,73960200
9/9/2015,16.370001,16.459999,15.83,15.9,70466100
9/10/2015,15.87,16.110001,15.81,16.040001,71110200
9/11/2015,15.99,16.059999,15.9,16.040001,54287700
9/14/2015,15.97,16.07,15.9,15.96,50640900
9/15/2015,16.040001,16.389999,16.01,16.309999,62327100
9/16/2015,16.35,16.389999,16.09,16.33,83776400
9/17/2015,16.290001,16.48,15.78,15.86,119088200
9/18/2015,15.68,15.71,15.5,15.56,136531200
9/21/2015,15.67,15.75,15.57,15.7,79096200
9/22/2015,15.49,15.58,15.45,15.57,92235200
9/23/2015,15.6,15.85,15.58,15.72,78117500
9/24/2015,15.54,15.62,15.4,15.55,99520100
9/25/2015,15.88,16.02,15.81,15.89,88655000
9/28/2015,15.79,15.82,15.38,15.47,91324300
9/29/2015,15.5,15.53,15.25,15.35,79829400
9/30/2015,15.55,15.6,15.32,15.58,71347100
10/1/2015,15.52,15.64,15.36,15.55,71516800
10/2/2015,15.08,15.38,14.63,15.38,181838400
10/5/2015,15.45,15.79,15.44,15.69,75315300
10/6/2015,15.68,15.82,15.57,15.69,67473700
10/7/2015,15.78,15.93,15.57,15.75,66655600
10/8/2015,15.72,15.78,15.51,15.75,79056900
10/9/2015,15.75,15.82,15.5,15.58,76667100
10/12/2015,15.6,15.62,15.43,15.52,50725800
10/13/2015,15.45,15.59,15.4,15.52,73689800
10/14/2015,15.77,15.92,15.55,15.64,122272400
10/15/2015,15.81,16.280001,15.72,16.190001,127028800
10/16/2015,16.290001,16.290001,16.030001,16.120001,66791000
10/19/2015,16,16.209999,15.98,16.139999,62953500
10/20/2015,16.16,16.290001,16.1,16.200001,50797800
10/21/2015,16.26,16.290001,15.9,15.9,64440400
10/22/2015,16,16.200001,16,16.16,74116600
10/23/2015,16.290001,16.549999,16.25,16.52,82285800
10/26/2015,16.52,16.549999,16.34,16.51,67702800
10/27/2015,16.4,16.469999,16.299999,16.4,56159300
10/28/2015,16.450001,17.309999,16.450001,17.280001,147720100
10/29/2015,17.16,17.440001,16.969999,17.09,95542300
10/30/2015,17.18,17.18,16.76,16.780001,87645800
11/2/2015,16.9,17.139999,16.870001,17.059999,56948200
11/3/2015,17.01,17.26,16.99,17.18,66127100
11/4/2015,17.299999,17.309999,16.959999,17.01,78728400
11/5/2015,17.030001,17.370001,17.030001,17.309999,85505500
11/6/2015,17.84,18.09,17.76,17.950001,158037500
11/9/2015,18.030001,18.08,17.559999,17.68,129920700
11/10/2015,17.629999,17.940001,17.559999,17.85,59905800
11/11/2015,17.99,17.99,17.68,17.75,59235000
11/12/2015,17.58,17.629999,17.35,17.370001,77850900
11/13/2015,17.129999,17.309999,17.09,17.200001,103574900
11/16/2015,17.129999,17.459999,17.01,17.43,70384300
11/17/2015,17.5,17.6,17.34,17.42,70488600
11/18/2015,17.43,17.870001,17.43,17.84,85708300
11/19/2015,17.780001,17.85,17.620001,17.690001,51829700
11/20/2015,17.809999,17.83,17.59,17.65,56288300
11/23/2015,17.620001,17.73,17.459999,17.469999,50362900
11/24/2015,17.26,17.57,17.25,17.469999,58724200
11/25/2015,17.51,17.57,17.41,17.440001,34939000
11/27/2015,17.459999,17.5,17.33,17.48,22937500
11/30/2015,17.48,17.58,17.42,17.43,61893700
12/1/2015,17.52,17.809999,17.48,17.809999,74351800
12/2/2015,17.879999,17.889999,17.549999,17.620001,76919000
12/3/2015,17.68,17.77,17.25,17.299999,95810100
12/4/2015,17.440001,17.83,17.379999,17.799999,103021700
12/7/2015,17.790001,17.799999,17.440001,17.540001,81633300
12/8/2015,17.389999,17.459999,17.129999,17.190001,84873500
12/9/2015,17.110001,17.379999,16.870001,17.1,82418100
12/10/2015,17.15,17.41,16.959999,17.200001,68395000
12/11/2015,16.969999,17.059999,16.639999,16.73,91503900
12/14/2015,16.76,16.889999,16.5,16.799999,121121200
12/15/2015,17.02,17.49,16.99,17.42,99289600
12/16/2015,17.65,17.780001,17.23,17.75,171576700
12/17/2015,17.799999,17.83,17.299999,17.299999,97265700
12/18/2015,17.190001,17.27,16.76,16.76,136737800
12/21/2015,16.98,17.030001,16.77,16.969999,65150300
12/22/2015,17.049999,17.110001,16.85,17.08,56173500
12/23/2015,17.16,17.34,17.1,17.34,65770700
12/24/2015,17.32,17.379999,17.219999,17.27,29373400
12/28/2015,17.219999,17.23,16.98,17.129999,41777500
12/29/2015,17.25,17.35,17.16,17.280001,45670400
12/30/2015,17.200001,17.24,17.040001,17.049999,35066400
12/31/2015,17.01,17.07,16.83,16.83,47153000
1/4/2016,16.450001,16.49,16.25,16.43,114888000
1/5/2016,16.52,16.59,16.23,16.43,66670000
1/6/2016,16.190001,16.290001,16.02,16.08,102760800
1/7/2016,15.73,15.9,15.44,15.5,116255900
1/8/2016,15.94,15.94,15.16,15.2,124782400
1/11/2016,15.26,15.37,14.94,15.31,104611700
1/12/2016,15.54,15.58,15.06,15.31,100023500
1/13/2016,15.47,15.52,14.85,14.9,119413000
1/14/2016,15.01,15.2,14.65,14.99,125920000
1/15/2016,14.41,14.66,14.13,14.46,172296100
1/19/2016,14.69,14.79,14.01,14.24,185727400
1/20/2016,13.79,14,13.27,13.69,250537600
1/21/2016,13.67,13.84,13.25,13.36,188976000
1/22/2016,13.65,13.72,13.47,13.56,169999800
1/25/2016,13.54,13.55,12.94,12.96,186419100
1/26/2016,13.07,13.35,13.04,13.31,124246900
1/27/2016,13.2,13.73,13.19,13.36,124095800
1/28/2016,13.59,13.71,13.26,13.53,110996200
1/29/2016,13.66,14.15,13.59,14.14,159984100
2/1/2016,14.05,14.09,13.8,13.96,105739400
2/2/2016,13.74,13.75,13.13,13.23,147101200
2/3/2016,13.28,13.29,12.52,13.03,257664600
2/4/2016,12.89,13.59,12.89,13.25,179394400
2/5/2016,13.32,13.39,12.89,12.95,125842800
2/8/2016,12.67,12.7,12.13,12.27,221363600
2/9/2016,11.99,12.43,11.96,12.2,247349000
2/10/2016,12.42,12.54,11.91,11.98,227530000
2/11/2016,11.46,11.55,10.99,11.16,375088700
2/12/2016,11.48,12.03,11.4,11.95,245388400
2/16/2016,12.38,12.39,12.11,12.25,194306700
2/17/2016,12.57,12.69,12.47,12.56,221859400
2/18/2016,12.71,12.74,12.1,12.24,161539400
2/19/2016,12.22,12.24,11.98,12.13,121045600
2/22/2016,12.13,12.54,12.13,12.54,88865500
2/23/2016,12.47,12.48,12.1,12.16,104498700
2/24/2016,11.96,12.15,11.65,12.13,159552800
2/25/2016,12.14,12.33,12.09,12.32,103054600
2/26/2016,12.49,12.95,12.4,12.7,160314400
2/29/2016,12.7,12.86,12.51,12.52,123661100
3/1/2016,12.64,13.21,12.62,13.19,153558200
3/2/2016,13.2,13.51,13.13,13.41,139622500
3/3/2016,13.38,13.55,13.25,13.5,105082700
3/4/2016,13.76,13.89,13.49,13.54,171410900
3/7/2016,13.45,13.62,13.37,13.53,97650300
3/8/2016,13.4,13.47,13.05,13.06,125894800
3/9/2016,13.17,13.27,13,13.14,92253800
3/10/2016,13.23,13.4,13,13.27,123532800
3/11/2016,13.44,13.84,13.37,13.79,120400600
3/14/2016,13.72,13.74,13.49,13.64,87746800
3/15/2016,13.51,13.6,13.39,13.57,80404000
3/16/2016,13.51,13.81,13.09,13.31,149645400
3/17/2016,13.22,13.48,13.05,13.4,122212300
3/18/2016,13.68,13.88,13.55,13.79,146616200
3/21/2016,13.8,14.03,13.72,13.84,104695700
3/22/2016,13.67,13.84,13.63,13.76,83252100
3/23/2016,13.77,13.83,13.6,13.62,95789700
3/24/2016,13.41,13.69,13.27,13.68,94836500
3/28/2016,13.73,13.74,13.54,13.62,54498500
3/29/2016,13.54,13.54,13.26,13.42,101606800
3/30/2016,13.49,13.66,13.46,13.48,85897000
3/31/2016,13.49,13.71,13.45,13.52,79592100
4/1/2016,13.47,13.65,13.32,13.56,73130900
4/4/2016,13.54,13.65,13.41,13.51,59709600
4/5/2016,13.3,13.34,13.16,13.19,78445900
4/6/2016,13.2,13.3,13.11,13.27,62558500
4/7/2016,13.15,13.21,12.75,12.85,105704500
4/8/2016,13.03,13.14,12.86,12.88,76548100
4/11/2016,12.92,13.09,12.88,12.97,79411500
4/12/2016,13,13.33,12.93,13.27,100791600
4/13/2016,13.55,13.85,13.53,13.79,138647200
4/14/2016,13.71,14.28,13.7,14.14,179383300
4/15/2016,14.27,14.29,13.95,14,87958700
4/18/2016,13.85,14.24,13.82,14.17,81998200
4/19/2016,14.26,14.54,14.24,14.45,107153600
4/20/2016,14.56,14.94,14.53,14.93,115628700
4/21/2016,14.93,15.14,14.75,14.9,121589000
4/22/2016,14.87,15.14,14.87,15.11,83456600
4/25/2016,15.02,15.14,14.81,14.96,70489500
4/26/2016,15.02,15.14,14.8,15.09,84812400
4/27/2016,15.02,15.3,14.98,15.02,115789000
4/28/2016,14.92,15.08,14.76,14.79,78639300
4/29/2016,14.73,14.85,14.43,14.56,122128100
5/2/2016,14.58,14.78,14.4,14.77,68882800
5/3/2016,14.51,14.51,14.15,14.36,110549000
5/4/2016,14.09,14.27,14,14.13,99269700
5/5/2016,14.15,14.32,14,14.05,73145900
5/6/2016,13.83,14.14,13.8,14.11,76595100
5/9/2016,14.08,14.19,13.91,13.99,55399600
5/10/2016,14.08,14.33,14.05,14.3,59870500
5/11/2016,14.25,14.5,14.19,14.2,68088900
5/12/2016,14.3,14.47,14.05,14.14,72567100
5/13/2016,14.15,14.37,13.87,13.88,86193900
5/16/2016,13.82,14.02,13.8,13.93,57848600
5/17/2016,13.89,14.13,13.82,14.01,76273800
5/18/2016,14.02,14.75,14.01,14.69,151871700
5/19/2016,14.6,14.87,14.43,14.53,106156900
5/20/2016,14.64,14.7,14.43,14.52,81214000
5/23/2016,14.54,14.6,14.4,14.47,66303200
5/24/2016,14.6,14.75,14.53,14.68,96183700
5/25/2016,14.83,15.15,14.83,14.92,123498700
5/26/2016,14.98,14.99,14.69,14.7,65356600
5/27/2016,14.76,14.88,14.69,14.88,62411300
5/31/2016,15.03,15.05,14.73,14.79,85635900
6/1/2016,14.6,14.9,14.45,14.86,62612100
6/2/2016,14.95,14.98,14.77,14.94,64327300
6/3/2016,14.46,14.5,14.19,14.42,148600900
6/6/2016,14.44,14.7,14.37,14.52,80949300
6/7/2016,14.54,14.6,14.34,14.35,67447100
6/8/2016,14.35,14.46,14.3,14.43,58292900
6/9/2016,14.32,14.32,14.08,14.19,74814900
6/10/2016,13.98,14,13.75,13.83,90725700
6/13/2016,13.64,13.91,13.58,13.6,74851700
6/14/2016,13.56,13.73,13.17,13.26,85377800
6/15/2016,13.38,13.66,13.28,13.34,100659100
6/16/2016,13.23,13.33,13.02,13.31,90152000
6/17/2016,13.38,13.53,13.28,13.4,89022300
6/20/2016,13.74,13.85,13.51,13.54,89874000
6/21/2016,13.62,13.65,13.45,13.62,73810800
6/22/2016,13.6,13.78,13.59,13.61,77980500
6/23/2016,13.84,14.05,13.82,14.04,82494600
6/24/2016,13.05,13.44,12.97,13,231499200
6/27/2016,12.77,12.77,12.05,12.18,250847700
6/28/2016,12.57,12.72,12.35,12.7,150136300
6/29/2016,13.07,13.22,12.92,13.19,118484000
6/30/2016,13.37,13.38,13.07,13.27,125773900
7/1/2016,13.19,13.27,13.02,13.1,88888100
