date,open,high,low,close,volume,changed,changep,adjclose,tradeval,tradevol
2016-07-22,56.08,56.6275,55.78,56.57,32157167,0.77,1.38%,56.57,1814063128.46,136321
2016-07-21,55.98,56.23,55.76,55.80,32776653,-0.11,-0.20%,55.80,1833674381.50,156967
2016-07-20,56.15,56.84,55.53,55.91,89893301,2.82,5.31%,55.91,5057386147.28,390658
2016-07-19,53.71,53.90,52.93,53.09,53336533,-0.87,-1.61%,53.09,2842504922.30,237491
2016-07-18,53.70,54.34,53.55,53.96,31433864,0.26,0.48%,53.96,1699085880.74,144474
2016-07-15,53.95,54.00,53.21,53.70,32024385,-0.04,-0.07%,53.70,1716254555.75,143381
2016-07-14,53.84,53.99,53.58,53.74,24545520,0.23,0.43%,53.74,1320046799.21,125924
2016-07-13,53.56,53.86,53.18,53.51,25356841,0.30,0.56%,53.51,1358586957.24,130397
2016-07-12,52.94,53.40,52.785,53.21,27317555,0.62,1.18%,53.21,1452393921.83,151638
2016-07-11,52.50,52.83,52.47,52.59,22269203,0.29,0.55%,52.59,1172637372.48,123430
2016-07-08,51.73,52.36,51.55,52.30,28391026,0.92,1.79%,52.30,1481791328.01,148742
2016-07-07,51.42,51.61,51.07,51.38,19585194,0.00,0.00%,51.38,1005308086.36,114407
2016-07-06,50.78,51.54,50.39,51.38,28167461,0.21,0.41%,51.38,1438227122.23,159769
2016-07-05,50.83,51.28,50.74,51.17,24806351,0.01,0.02%,51.17,1265833933.18,139254
2016-07-01,51.13,51.72,51.07,51.16,21400392,-0.01,-0.02%,51.16,1099531596.58,122948
2016-06-30,50.72,51.30,50.50,51.17,28527781,0.63,1.25%,51.17,1455600841.61,137039
2016-06-29,49.91,50.72,49.80,50.54,31304021,1.10,2.22%,50.54,1576912447.73,166775
2016-06-28,48.92,49.47,48.67,49.44,38140658,1.01,2.09%,49.44,1875246513.76,181845
2016-06-27,49.10,49.1466,48.035,48.43,50576699,-1.40,-2.81%,48.43,2454189457.44,288655
2016-06-24,49.81,50.94,49.52,49.83,133502985,-2.08,-4.01%,49.83,6668042352.10,370628
2016-06-23,51.28,52.06,51.15,51.91,29028833,0.92,1.80%,51.91,1503092188.10,136399
2016-06-22,51.08,51.46,50.9525,50.99,28816848,-0.20,-0.39%,50.99,1473843022.08,146508
2016-06-21,50.20,51.43,50.16,51.19,34097825,1.12,2.24%,51.19,1740071033.09,171945
2016-06-20,50.64,50.83,50.03,50.07,35607946,-0.06,-0.12%,50.07,1796494334.89,171011
2016-06-17,50.41,50.43,49.82,50.13,45710516,-0.26,-0.52%,50.13,2292621214.85,146731
2016-06-16,49.52,50.47,49.5068,50.39,31188605,0.70,1.41%,50.39,1560801768.90,154394
2016-06-15,49.78,50.12,49.69,49.69,33757639,-0.14,-0.28%,49.69,1683185148.41,153738
2016-06-14,49.90,50.10,49.57,49.83,42577106,-0.31,-0.62%,49.83,2120074367.97,217660
2016-06-13,49.58,50.715,49.06,50.14,83217844,-1.34,-2.60%,50.14,4155252193.84,386919
2016-06-10,51.05,52.05,51.04,51.48,25833151,-0.14,-0.27%,51.48,1332492890.11,148356
2016-06-09,52.00,52.00,51.49,51.62,20305664,-0.42,-0.81%,51.62,1050107291.93,110560
2016-06-08,52.02,52.44,51.87,52.04,21149438,-0.06,-0.12%,52.04,1101323610.04,113664
2016-06-07,52.24,52.73,52.10,52.10,20866770,-0.03,-0.06%,52.10,1092818160.63,105884
2016-06-06,51.99,52.35,51.89,52.13,18243271,0.34,0.66%,52.13,951752232.53,102896
2016-06-03,52.38,52.42,51.60,51.79,23368291,-0.69,-1.31%,51.79,1211550592.46,133519
2016-06-02,52.64,52.74,51.835,52.48,22840779,-0.37,-0.70%,52.48,1194540855.97,129306
2016-06-01,52.44,52.95,52.44,52.85,25324828,-0.15,-0.28%,52.85,1336430452.37,137320
2016-05-31,52.26,53.00,52.08,53.00,37653081,0.68,1.30%,53.00,1979158745.99,139709
2016-05-27,51.92,52.32,51.77,52.32,17721438,0.43,0.83%,52.32,924073485.83,94088
2016-05-26,51.93,51.9793,51.36,51.89,24335223,-0.23,-0.44%,51.89,1258878680.16,121185
2016-05-25,51.92,52.49,51.79,52.12,24204566,0.53,1.03%,52.12,1263584433.81,148675
2016-05-24,50.70,51.71,50.40,51.59,34757944,1.56,3.12%,51.59,1780553365.40,185411
2016-05-23,50.60,50.68,49.98,50.03,26118720,-0.59,-1.17%,50.03,1311732135.75,117657
2016-05-20,50.48,51.22,50.40,50.62,23905769,0.30,0.60%,50.62,1214042956.08,113283
2016-05-19,50.47,50.62,49.82,50.32,23842358,-0.49,-0.96%,50.32,1194055234.64,144853
2016-05-18,50.48,51.14,50.30,50.81,24907532,0.30,0.59%,50.81,1263771260.72,129641
2016-05-17,51.72,51.73,50.36,50.51,27803514,-0.96,-1.87%,50.51,1410583117.83,151334
2016-05-16,50.80,51.96,50.75,51.83,20032017,0.745,1.47%,51.47,1033726095.50,102867
2016-05-13,51.44,51.895,51.04,51.08,22592342,-0.427,-0.83%,50.7252,1161840534.80,128880
2016-05-12,51.20,51.81,50.92,51.51,24102781,0.457,0.90%,51.1522,1239083406.23,140564
2016-05-11,51.13,51.78,51.00,51.05,24039140,0.03,0.06%,50.6954,1233068238.64,124125
2016-05-10,50.33,51.10,50.19,51.02,22890966,0.943,1.90%,50.6656,1162103908.32,122691
2016-05-09,50.49,50.585,50.00,50.07,17951598,-0.318,-0.64%,49.7222,901712268.10,101641
2016-05-06,49.92,50.39,49.66,50.39,24787301,0.447,0.90%,50.04,1239701388.89,128561
2016-05-05,49.87,50.30,49.73,49.94,25390718,0.07,0.14%,49.5931,1268684574.62,129010
2016-05-04,49.84,50.06,49.46,49.87,24257556,0.089,0.18%,49.5236,1209490232.30,131054
2016-05-03,50.34,50.41,49.60,49.78,26460244,-0.824,-1.64%,49.4342,1319560778.69,149427
2016-05-02,50.00,50.75,49.7799,50.61,33114539,0.735,1.48%,50.2585,1665091377.37,171188
2016-04-29,49.35,50.25,49.35,49.87,48411684,-0.03,-0.06%,49.5236,2414354584.50,258493
2016-04-28,50.62,50.77,49.56,49.90,43134846,-1.033,-2.04%,49.5534,2162195967.98,220178
2016-04-27,51.48,51.50,50.55,50.94,43369256,-0.497,-0.97%,50.5862,2207124063.05,216547
2016-04-26,52.26,52.35,51.09,51.44,33532636,-0.665,-1.29%,51.0827,1725130219.11,168650
2016-04-25,51.78,52.13,51.63,52.11,33226948,0.328,0.64%,51.748,1725052397.37,174512
2016-04-22,51.91,52.4297,50.77,51.78,126834091,-3.972,-7.17%,51.4203,6558130818.36,567995
2016-04-21,55.80,56.23,55.415,55.78,38909096,0.189,0.34%,55.3926,2171814302.34,207447
2016-04-20,56.29,56.50,55.485,55.59,36195714,-0.794,-1.42%,55.2039,2024769527.98,173924
2016-04-19,56.63,56.77,55.68,56.39,29596827,-0.07,-0.12%,55.9983,1664297980.48,153329
2016-04-18,55.49,56.59,55.21,56.46,23785950,0.804,1.46%,56.0678,1338459596.81,124503
2016-04-15,55.30,55.92,55.11,55.65,28793753,0.288,0.52%,55.2635,1600976577.27,125774
2016-04-14,55.22,55.575,55.07,55.36,20877108,0.01,0.02%,54.9755,1155752982.75,111474
2016-04-13,55.12,55.4375,54.89,55.35,20817961,0.695,1.28%,54.9655,1148469429.98,115699
2016-04-12,54.37,54.78,53.76,54.65,24944288,0.338,0.63%,54.2704,1355620305.05,146793
2016-04-11,54.49,55.15,54.30,54.31,21414227,-0.109,-0.20%,53.9328,1172717870.41,117459
2016-04-08,54.67,55.28,54.32,54.42,22167223,-0.04,-0.07%,54.042,1211818993.49,132042
2016-04-07,54.87,54.91,54.23,54.46,19225092,-0.655,-1.20%,54.0817,1047864139.31,109083
2016-04-06,54.36,55.20,54.21,55.12,21188682,0.556,1.03%,54.7371,1160720216.51,121481
2016-04-05,55.19,55.30,54.46,54.56,19272255,-0.864,-1.57%,54.181,1056019994.26,116522
2016-04-04,55.43,55.66,55.00,55.43,18928810,-0.139,-0.25%,55.045,1047721653.29,101169
2016-04-01,55.05,55.61,54.57,55.57,24399193,0.338,0.62%,55.184,1348156499.11,119572
2016-03-31,54.95,55.59,54.86,55.23,26360495,0.179,0.33%,54.8464,1456030772.09,115077
2016-03-30,54.93,55.64,54.90,55.05,23008260,0.338,0.62%,54.6676,1270559970.94,124825
2016-03-29,53.66,54.86,53.45,54.71,23924329,1.162,2.19%,54.33,1302929220.88,135217
2016-03-28,54.21,54.29,53.33,53.54,17025050,-0.665,-1.24%,53.1681,913036355.37,90935
2016-03-24,53.84,54.33,53.73,54.21,19949972,0.238,0.44%,53.8335,1079785571.21,94686
2016-03-23,54.11,54.24,53.74,53.97,20129015,-0.099,-0.18%,53.5951,1086172539.20,113329
2016-03-22,53.61,54.25,53.46,54.07,23124143,0.209,0.39%,53.6944,1247471367.05,116585
2016-03-21,53.25,53.9298,52.93,53.86,23925716,0.367,0.69%,53.4859,1282073105.59,130223
2016-03-18,54.92,54.97,53.445,53.49,67625518,-1.162,-2.14%,53.1185,3654322990.74,207858
2016-03-17,54.21,55.00,54.00,54.66,28223947,0.308,0.57%,54.2803,1542563509.84,148416
2016-03-16,53.45,54.60,53.40,54.35,31691742,0.755,1.42%,53.9725,1713628711.09,179661
2016-03-15,52.75,53.59,52.74,53.59,21104763,0.417,0.79%,53.2178,1124492585.59,118744
2016-03-14,52.71,53.59,52.63,53.17,24083616,0.099,0.19%,52.8007,1280468158.38,132580
2016-03-11,53.00,53.07,52.38,53.07,32275677,1.013,1.96%,52.7014,1705023670.83,153383
2016-03-10,52.93,52.94,51.16,52.05,38387804,-0.785,-1.50%,51.6885,1994910258.09,211774
2016-03-09,51.89,52.85,51.855,52.84,28251588,1.182,2.30%,52.473,1485310457.66,158633
2016-03-08,50.80,52.13,50.595,51.65,33835119,0.616,1.21%,51.2912,1746803929.19,187529
2016-03-07,51.56,51.80,50.58,51.03,38428816,-0.993,-1.92%,50.6755,1962344508.61,204205
2016-03-04,52.40,52.45,51.71,52.03,33034150,-0.318,-0.61%,51.6686,1717257196.88,155331
2016-03-03,52.97,52.97,51.78,52.35,24427813,-0.596,-1.13%,51.9864,1274493246.71,142588
2016-03-02,52.41,52.96,52.155,52.95,29289884,0.367,0.70%,52.5822,1540424914.51,154799
2016-03-01,50.97,52.59,50.9199,52.58,33024535,1.688,3.34%,52.2148,1716541090.15,185377
2016-02-29,51.35,51.65,50.66,50.88,31654036,-0.417,-0.82%,50.5266,1615487689.37,131022
2016-02-26,52.60,52.68,51.10,51.30,35975925,-0.794,-1.54%,50.9437,1852161893.84,168613
2016-02-25,51.73,52.10,50.61,52.10,26939467,0.735,1.44%,51.7381,1385747351.79,157199
2016-02-24,50.69,51.50,50.20,51.36,33014457,0.179,0.35%,51.0033,1681705465.26,198246
2016-02-23,52.34,52.37,50.98,51.18,28895274,-1.46,-2.79%,50.8245,1486453743.54,146882
2016-02-22,52.28,53.00,52.28,52.65,25008291,0.824,1.60%,52.2843,1317883718.06,137931
2016-02-19,51.97,52.28,51.53,51.82,33559073,-0.367,-0.71%,51.4601,1743116912.88,159688
2016-02-18,52.33,52.95,52.10,52.19,27176035,-0.228,-0.44%,51.8275,1424992434.60,164548
2016-02-17,51.49,52.77,51.45,52.42,40788968,1.321,2.60%,52.0559,2131475735.40,190434
2016-02-16,50.90,51.09,50.13,51.09,37291208,0.943,1.89%,50.7351,1895117598.95,165474
2016-02-12,50.25,50.68,49.75,50.50,34243324,0.799,1.63%,49.7917,1721972289.48,179343
2016-02-11,48.68,50.11,48.51,49.69,48878571,-0.02,-0.04%,48.9931,2411461496.88,285319
2016-02-10,49.89,50.39,49.52,49.71,38236954,0.424,0.87%,49.0128,1912443431.74,235828
2016-02-09,49.02,50.24,48.67,49.28,46740474,-0.128,-0.26%,48.5888,2310354707.31,290694
2016-02-08,49.55,49.57,48.19,49.41,59290497,-0.739,-1.50%,48.717,2895926990.07,353170
2016-02-05,51.94,52.00,49.56,50.16,62008994,-1.814,-3.54%,49.4565,3127946534.24,335669
2016-02-04,52.10,52.81,51.37,52.00,46987123,-0.158,-0.31%,51.2707,2440389143.06,276065
2016-02-03,53.25,53.39,51.26,52.16,57559814,-0.828,-1.58%,51.4284,3003600488.98,322975
2016-02-02,54.17,54.26,52.65,53.00,56313753,-1.686,-3.13%,52.2566,3008074464.30,281582
2016-02-01,54.88,55.09,54.495,54.71,44208542,-0.375,-0.69%,53.9427,2421847644.00,220053
2016-01-29,54.73,55.09,54.00,55.09,83611686,2.992,5.83%,54.3173,4577982031.55,364069
2016-01-28,51.86,52.21,51.25,52.055,62513789,0.823,1.63%,51.3249,3240039422.78,329194
2016-01-27,52.01,52.20,51.0201,51.22,36775194,-0.937,-1.82%,50.5016,1897098323.20,213637
2016-01-26,51.79,52.44,51.55,52.17,28900820,0.375,0.73%,51.4383,1506370563.10,163386
2016-01-25,51.94,52.65,51.65,51.79,34707717,-0.493,-0.96%,51.0636,1808268619.64,194698
2016-01-22,51.41,52.33,51.26,52.29,37555789,1.785,3.59%,51.5566,1955025145.87,202727
2016-01-21,51.00,51.58,50.30,50.48,40191157,-0.306,-0.61%,49.772,2046089843.30,262521
2016-01-20,49.98,51.38,49.10,50.79,63272993,0.227,0.45%,50.0776,3177557306.95,368619
2016-01-19,51.48,51.68,50.06,50.56,43564538,-0.424,-0.84%,49.8509,2210089567.45,252673
2016-01-15,51.31,51.97,50.34,50.99,71820697,-2.09,-3.99%,50.2748,3666497502.72,352946
2016-01-14,52.00,53.4163,51.57,53.11,52381918,1.449,2.85%,52.3651,2758563594.79,277035
2016-01-13,53.80,54.07,51.3038,51.64,66883571,-1.124,-2.16%,50.9157,3530558449.22,370585
2016-01-12,52.76,53.10,52.06,52.78,36095539,0.473,0.92%,52.0397,1899114409.86,212083
2016-01-11,52.51,52.85,51.46,52.30,36943756,-0.03,-0.06%,51.5665,1927053365.88,228037
2016-01-08,52.37,53.28,52.15,52.33,48753969,0.158,0.31%,51.596,2570568324.27,261949
2016-01-07,52.70,53.485,52.07,52.17,56564852,-1.854,-3.48%,51.4383,2976443700.10,303272
2016-01-06,54.32,54.4001,53.64,54.05,39518863,-0.986,-1.82%,53.2919,2138093431.48,225873
2016-01-05,54.93,55.39,54.54,55.05,34079674,0.246,0.46%,54.2779,1875899978.68,180641
2016-01-04,54.32,54.80,53.39,54.80,53777963,-0.67,-1.23%,54.0314,2908519768.20,272781
2015-12-31,56.04,56.19,55.42,55.48,27334061,-0.818,-1.47%,54.7019,1522922210.75,124582
2015-12-30,56.47,56.78,56.2875,56.31,21704505,-0.237,-0.42%,55.5202,1226863683.96,105506
2015-12-29,56.29,56.85,56.06,56.55,27731403,0.592,1.07%,55.7569,1567588463.77,137941
2015-12-28,55.35,55.95,54.98,55.95,22458293,0.276,0.50%,55.1653,1247303049.94,115128
2015-12-24,55.86,55.96,55.43,55.67,9570002,-0.148,-0.27%,54.8892,533208183.97,54965
2015-12-23,55.70,55.88,55.44,55.82,27279832,0.463,0.85%,55.0371,1519699970.69,141440
2015-12-22,54.99,55.48,54.50,55.35,28322241,0.513,0.95%,54.5737,1559488127.13,161993
2015-12-21,54.88,55.35,54.2262,54.83,37246325,0.69,1.29%,54.061,2036450082.41,179307
2015-12-18,55.77,56.00,54.03,54.13,84684164,-1.548,-2.82%,53.3708,4644961539.33,271515
2015-12-17,56.36,56.79,55.5348,55.70,41280907,-0.424,-0.77%,54.9188,2316420261.75,228568
2015-12-16,55.54,56.245,54.76,56.13,37503300,0.917,1.68%,55.3427,2085560725.69,224029
2015-12-15,55.66,55.90,55.09,55.20,39842998,0.059,0.11%,54.4258,2209909733.73,238796
2015-12-14,54.33,55.21,53.68,55.14,47006491,1.065,2.00%,54.3666,2559945295.97,276983
2015-12-11,54.71,55.10,54.01,54.06,39549497,-1.193,-2.19%,53.3018,2153563132.07,230101
2015-12-10,55.39,55.655,55.01,55.27,31775826,0.286,0.53%,54.4948,1757975807.01,170730
2015-12-09,55.37,55.87,54.51,54.98,36373209,-0.799,-1.45%,54.2089,2004303198.04,219204
2015-12-08,55.47,56.10,54.99,55.79,32878026,-0.02,-0.04%,55.0075,1830941858.31,189226
2015-12-07,55.79,55.97,55.29,55.81,30709765,-0.099,-0.18%,55.0272,1708157895.98,182309
2015-12-04,54.12,56.23,54.10,55.91,43963662,1.686,3.15%,55.1258,2441380538.07,232022
2015-12-03,55.49,55.77,53.93,54.20,38627835,-0.996,-1.83%,53.4398,2104330421.43,219414
2015-12-02,55.32,55.96,55.06,55.21,47274879,-0.01,-0.02%,54.4357,2623035315.34,225980
2015-12-01,54.41,55.23,54.30,55.22,39952779,0.858,1.60%,54.4455,2192127080.53,194808
2015-11-30,54.54,54.96,53.9999,54.35,56241417,0.414,0.78%,53.5877,3063931388.58,233497
2015-11-27,53.80,54.08,53.79,53.93,9009132,0.237,0.45%,53.1736,485975382.19,48654
2015-11-25,54.09,54.23,53.69,53.69,21005147,-0.552,-1.03%,52.937,1133390491.54,103378
2015-11-24,53.92,54.44,53.58,54.25,24600043,0.059,0.11%,53.4891,1330715956.04,133606
2015-11-23,54.25,54.46,53.75,54.19,28235918,0.00,0.00%,53.43,1528278492.55,130207
2015-11-20,54.25,54.30,53.265,54.19,37147608,0.246,0.46%,53.43,2001829913.84,170933
2015-11-19,53.99,54.66,53.781,53.94,28149228,0.089,0.17%,53.1835,1527310510.21,143954
2015-11-18,53.00,53.98,52.9799,53.85,29710030,0.868,1.66%,53.0947,1589685781.04,149020
2015-11-17,53.17,53.53,52.85,52.97,31551255,-0.429,-0.81%,52.2271,1677688985.53,157431
2015-11-16,53.08,53.89,52.85,53.765,32165198,0.906,1.75%,52.656,1721251447.96,168996
2015-11-13,53.07,53.29,52.53,52.84,36848175,-0.47,-0.90%,51.75,1949476797.08,198572
2015-11-12,53.48,53.9791,53.19,53.32,35361095,-0.323,-0.62%,52.2201,1892168657.34,178541
2015-11-11,53.70,54.20,53.46,53.65,36516260,0.137,0.26%,52.5433,1964844460.58,156417
2015-11-10,54.07,54.13,53.27,53.51,55283697,-0.637,-1.20%,52.4062,2959504805.12,169394
2015-11-09,54.55,54.87,53.56,54.16,32513067,-0.744,-1.38%,53.0428,1759880881.04,159607
2015-11-06,54.085,54.98,53.964,54.92,32851204,0.529,0.99%,53.7871,1793353533.79,162157
2015-11-05,54.49,54.70,54.00,54.38,31468485,-0.02,-0.04%,53.2583,1709960373.56,142770
2015-11-04,54.18,54.88,54.06,54.40,37087849,0.245,0.46%,53.2779,2017178140.13,200150
2015-11-03,52.93,54.39,52.90,54.15,36596931,0.891,1.71%,53.033,1972199169.58,177418
2015-11-02,52.85,53.36,52.62,53.24,30284982,0.588,1.14%,52.1418,1607998412.01,141380
2015-10-30,53.32,53.99,52.62,52.64,46619761,-0.705,-1.35%,51.5542,2482627680.41,202100
2015-10-29,53.54,53.83,53.22,53.36,30202078,-0.607,-1.15%,52.2593,1614902724.70,140531
2015-10-28,53.54,53.98,52.86,53.98,47000753,0.284,0.54%,52.8665,2506779850.17,218847
2015-10-27,53.99,54.37,53.58,53.69,50999907,-0.548,-1.03%,52.5825,2751109760.26,205241
2015-10-26,52.53,54.32,52.50,54.25,64633324,1.352,2.61%,53.131,3465684851.81,276340
2015-10-23,52.30,54.07,52.25,52.87,135227059,4.74,10.08%,51.7794,7191731185.69,534910
2015-10-22,47.53,48.95,47.09,48.03,56637074,0.813,1.76%,47.0393,2731770722.99,268690
2015-10-21,47.92,47.99,47.11,47.20,25264710,-0.558,-1.19%,46.2264,1201935784.66,124246
2015-10-20,47.44,47.81,47.02,47.77,30802235,0.147,0.31%,46.7846,1465392088.77,136156
2015-10-19,47.42,47.88,47.02,47.62,29387581,0.108,0.23%,46.6377,1396728306.53,121692
2015-10-16,47.02,47.54,46.897,47.51,26450334,0.49,1.06%,46.53,1250540712.38,103232
2015-10-15,47.01,47.03,46.53,47.01,27189370,0.323,0.71%,46.0403,1273404464.53,131452
2015-10-14,46.65,47.10,46.53,46.68,24697766,-0.206,-0.45%,45.7171,1155509556.59,116829
2015-10-13,46.56,47.1299,46.56,46.89,19987816,-0.108,-0.23%,45.9228,937047102.93,98006
2015-10-12,46.98,47.07,46.50,47.00,19769066,-0.108,-0.23%,46.0305,926727159.08,89625
2015-10-09,47.45,47.54,46.92,47.11,28600632,-0.333,-0.72%,46.1382,1348965396.65,131420
2015-10-08,46.56,47.515,46.50,47.45,33772709,0.637,1.39%,46.4712,1588590621.67,169625
2015-10-07,47.10,47.35,45.95,46.80,27711492,0.049,0.11%,45.8346,1291067992.76,160332
2015-10-06,46.33,47.175,46.22,46.75,27510808,0.118,0.26%,45.7857,1287883647.84,138779
2015-10-05,45.745,46.89,45.70,46.63,34369286,1.038,2.33%,45.6681,1598925964.24,163336
2015-10-02,44.27,45.57,43.92,45.57,41839035,0.94,2.15%,44.63,1879224858.38,202134
2015-10-01,44.75,44.75,43.75,44.61,28657859,0.343,0.79%,43.6898,1268511843.33,151833
2015-09-30,43.88,44.30,43.66,44.26,34958880,0.803,1.89%,43.347,1540266753.09,146915
2015-09-29,43.37,43.57,43.05,43.44,32763557,0.147,0.35%,42.5439,1421624793.80,154965
2015-09-28,43.83,44.085,43.205,43.29,27613785,-0.637,-1.48%,42.397,1204101138.35,148645
2015-09-25,44.48,44.73,43.76,43.94,29384601,0.029,0.07%,43.0336,1301919891.29,159739
2015-09-24,43.45,44.13,43.27,43.91,27905607,0.039,0.09%,43.0042,1219899079.50,135719
2015-09-23,43.93,44.17,43.51,43.87,17145238,-0.029,-0.07%,42.9651,752391697.30,103955
2015-09-22,43.38,44.05,43.31,43.90,28085903,-0.206,-0.48%,42.9944,1226266783.88,151092
2015-09-21,43.62,44.47,43.60,44.11,26177224,0.617,1.45%,43.2001,1155325943.72,132618
2015-09-18,43.50,43.99,43.33,43.48,63143684,-0.754,-1.74%,42.5831,2750592989.18,160791
2015-09-17,44.29,45.00,44.08,44.25,32768161,-0.049,-0.11%,43.3372,1456804935.65,154955
2015-09-16,43.97,44.38,43.84,44.30,23372162,0.313,0.73%,43.3862,1032327313.85,122136
2015-09-15,43.19,44.29,43.08,43.98,28882206,0.921,2.18%,43.0728,1267577318.07,150650
2015-09-14,43.43,43.44,42.86,43.04,23656048,-0.431,-1.01%,42.1522,1017550711.09,104823
2015-09-11,43.14,43.59,42.9399,43.48,27132527,0.186,0.44%,42.5831,1175976438.68,119133
2015-09-10,43.12,43.79,42.745,43.29,31366630,0.215,0.51%,42.397,1357360330.79,153097
2015-09-09,44.21,44.40,42.91,43.07,33469485,-0.803,-1.87%,42.1816,1457745747.29,142746
2015-09-08,43.30,44.00,43.20,43.89,32469766,1.254,3.00%,42.9847,1418382340.51,151363
2015-09-04,42.81,43.04,42.195,42.61,37138775,-0.872,-2.05%,41.7311,1581240427.92,193027
2015-09-03,43.41,43.98,43.28,43.50,28285205,0.137,0.32%,42.6027,1234755918.33,158603
2015-09-02,42.24,43.38,41.88,43.36,37671518,1.508,3.68%,42.4656,1608438992.24,197420
2015-09-01,42.23,42.59,41.66,41.82,49688896,-1.665,-3.91%,40.9574,2091719020.51,253280
2015-08-31,43.74,43.93,43.10,43.52,34441662,-0.402,-0.93%,42.6223,1498500091.53,145209
2015-08-28,43.47,44.15,43.39,43.93,28246725,0.029,0.07%,43.0238,1237407954.15,142762
2015-08-27,43.14,43.95,42.925,43.90,50943211,1.165,2.79%,42.9944,2220057656.31,243631
2015-08-26,42.01,42.84,41.06,42.71,63407996,2.194,5.53%,41.829,2647036478.41,328519
2015-08-25,42.565,43.24,40.39,40.47,70616597,-1.185,-2.90%,39.6352,2970645404.60,366631
2015-08-24,40.45,43.31,39.72,41.68,88753660,-1.361,-3.23%,40.8202,3732125484.41,382059
2015-08-21,45.30,45.48,43.07,43.07,70053084,-2.537,-5.67%,42.1816,3091029633.99,304687
2015-08-20,46.07,46.47,45.66,45.66,36238227,-0.93,-2.04%,44.7181,1663758787.75,168442
2015-08-19,46.78,47.08,46.30,46.61,31485511,-0.646,-1.40%,45.6485,1469465919.79,153470
2015-08-18,46.84,47.43,46.70,47.27,23574104,0.255,0.55%,46.2949,1111657336.44,93548
2015-08-17,46.81,47.45,46.57,47.32,21099746,0.311,0.68%,46.0403,994886403.70,84483
2015-08-14,46.53,47.10,46.52,47.00,21473402,0.263,0.58%,45.729,1006388756.44,92589
2015-08-13,47.06,47.10,46.49,46.73,22627241,-0.01,-0.02%,45.4663,1058680048.33,105907
2015-08-12,46.19,46.90,45.705,46.74,30198532,0.321,0.71%,45.476,1399201115.55,139308
2015-08-11,46.82,46.94,45.90,46.41,29237402,-0.895,-1.94%,45.1549,1355705731.04,127637
2015-08-10,46.95,47.49,46.84,47.33,23079870,0.574,1.26%,46.05,1091681059.10,93282
2015-08-07,46.39,46.78,46.26,46.74,19163038,0.117,0.26%,45.476,892107236.89,106703
2015-08-06,47.71,47.77,46.33,46.62,27368000,-0.934,-2.02%,45.3592,1279132699.68,140438
2015-08-05,47.98,48.41,47.54,47.58,26959655,0.039,0.08%,46.2933,1290183999.56,140664
2015-08-04,46.75,47.71,46.68,47.54,33403916,0.71,1.56%,46.2544,1585096518.06,148244
2015-08-03,46.98,47.00,46.45,46.81,24125886,0.107,0.24%,45.5441,1126966722.15,124108
2015-07-31,47.29,47.37,46.50,46.70,31201480,-0.175,-0.38%,45.4371,1460640686.72,126251
2015-07-30,46.26,47.40,45.93,46.88,39777883,0.574,1.27%,45.6122,1861216413.82,151781
2015-07-29,45.40,46.78,45.26,46.29,40945864,0.924,2.10%,45.0382,1894095314.44,167730
2015-07-28,45.58,45.639,44.79,45.34,34328948,-0.01,-0.02%,44.1139,1555437939.74,134869
2015-07-27,45.94,46.01,45.25,45.35,39701420,-0.574,-1.28%,44.1236,1807425328.75,162595
2015-07-24,45.91,46.32,45.80,45.94,32333244,-0.165,-0.37%,44.6976,1487389202.17,126615
2015-07-23,45.27,46.23,45.10,46.11,33934010,0.555,1.25%,44.863,1558480999.48,149297
2015-07-22,45.44,46.93,45.203,45.54,59152427,-1.693,-3.68%,44.3084,2711390381.44,264808
2015-07-21,46.78,47.33,46.48,47.28,42781899,0.35,0.77%,46.0014,2006045639.90,182817
2015-07-20,46.65,47.13,46.44,46.92,30631905,0.292,0.64%,45.6511,1433273512.71,125121
2015-07-17,46.55,46.78,46.26,46.62,29467107,-0.039,-0.09%,45.3592,1370927155.66,125100
2015-07-16,46.01,46.69,45.965,46.66,26271673,0.876,1.97%,45.3982,1219275621.18,117159
2015-07-15,45.68,45.89,45.43,45.76,26629615,0.136,0.31%,44.5225,1218364802.88,100521
2015-07-14,45.45,45.96,45.31,45.62,22880260,0.078,0.18%,44.3863,1045324558.39,99744
2015-07-13,44.975,45.62,44.9501,45.54,28178329,0.905,2.08%,44.3084,1281350984.89,117851
2015-07-10,45.01,45.14,44.57,44.61,25465757,0.088,0.20%,43.4036,1141953836.20,119358
2015-07-09,44.75,45.22,44.50,44.52,32424672,0.272,0.63%,43.316,1454017912.84,145847
2015-07-08,44.44,44.90,44.03,44.24,39785901,-0.058,-0.14%,43.0436,1767521475.29,188287
2015-07-07,44.34,44.49,43.32,44.30,36435827,-0.088,-0.20%,43.102,1600850361.24,174906
2015-07-06,43.96,44.48,43.95,44.39,23033961,-0.01,-0.02%,43.1895,1019562143.38,119547
2015-07-02,44.48,44.75,44.06,44.40,21752013,-0.044,-0.10%,43.1993,964259144.84,90169
2015-07-01,44.46,45.23,44.10,44.445,28343907,0.287,0.67%,43.2431,1263156646.01,133525
2015-06-30,44.71,44.72,43.94,44.15,35945384,-0.214,-0.50%,42.956,1588598409.79,150753
2015-06-29,45.04,45.23,44.36,44.37,34081746,-0.866,-1.97%,43.1701,1524084422.17,150022
2015-06-26,45.65,46.28,45.03,45.26,49835287,-0.379,-0.85%,44.036,2264120745.81,142269
2015-06-25,46.03,46.06,45.50,45.65,20615995,0.015,0.03%,44.4155,943227621.22,95269
2015-06-24,45.67,46.245,45.55,45.635,34890901,-0.268,-0.60%,44.4009,1599109132.91,110697
2015-06-23,46.13,46.28,45.62,45.91,25896473,-0.311,-0.69%,44.6684,1187649672.18,102215
2015-06-22,46.33,46.72,46.16,46.23,20318055,0.126,0.28%,44.9798,942005862.06,82901
2015-06-19,46.79,46.825,45.99,46.10,63837036,-0.603,-1.33%,44.8533,2955382884.86,119722
2015-06-18,46.22,46.80,46.17,46.72,32658343,0.73,1.63%,45.4565,1520650438.20,143465
2015-06-17,45.73,46.07,45.36,45.97,28704061,0.136,0.31%,44.7268,1314736641.22,128094
2015-06-16,45.35,46.24,45.30,45.83,27070306,0.345,0.78%,44.5906,1241218493.88,116523
2015-06-15,45.45,45.65,45.0201,45.475,33254517,-0.482,-1.08%,44.2452,1507943166.19,134706
2015-06-12,46.22,46.47,45.90,45.97,23930972,-0.457,-1.01%,44.7268,1103293048.18,104805
2015-06-11,46.66,46.92,46.13,46.44,27347758,-0.165,-0.36%,45.1841,1270189756.51,101645
2015-06-10,45.79,46.83,45.69,46.61,28417405,0.934,2.10%,45.3495,1322143069.90,120369
2015-06-09,45.76,45.94,45.46,45.65,24406057,-0.078,-0.17%,44.4155,1115137833.76,107281
2015-06-08,46.30,46.43,45.67,45.73,22121634,-0.399,-0.89%,44.4933,1016467867.65,98013
2015-06-05,46.31,46.52,45.84,46.14,25438086,-0.214,-0.47%,44.8922,1175627453.14,120422
2015-06-04,46.79,47.16,46.20,46.36,27745512,-0.477,-1.05%,45.1063,1290973646.91,144324
2015-06-03,47.37,47.735,46.82,46.85,28002154,-0.068,-0.15%,45.583,1321668570.25,112450
2015-06-02,46.93,47.35,46.62,46.92,21498326,-0.302,-0.66%,45.6511,1010509465.14,99718
2015-06-01,47.06,47.77,46.62,47.23,28837332,0.36,0.79%,45.9527,1361873513.60,129934
2015-05-29,47.43,47.57,46.59,46.86,36519594,-0.574,-1.24%,45.5927,1715554454.11,119086
2015-05-28,47.50,48.02,47.39,47.45,19283666,-0.156,-0.34%,46.1668,917554065.04,87212
2015-05-27,46.82,47.77,46.62,47.61,27335639,0.992,2.19%,46.3225,1296853531.11,112774
2015-05-26,46.83,46.88,46.19,46.59,29581860,-0.302,-0.66%,45.33,1374620253.71,135585
2015-05-22,47.30,47.35,46.82,46.90,25720583,-0.506,-1.10%,45.6317,1209670551.92,99994
2015-05-21,47.28,47.60,47.005,47.42,22410698,-0.156,-0.34%,46.1376,1061480828.27,92695
2015-05-20,47.39,47.93,47.27,47.58,25047919,0.00,0.00%,46.2933,1191451833.23,99788
2015-05-19,47.56,47.81,47.18,47.58,28574813,-0.117,-0.25%,46.2933,1355968059.32,117153
2015-05-18,47.98,48.22,47.61,48.01,24136502,-0.276,-0.59%,46.41,1156181843.23,103038
2015-05-15,48.87,48.905,48.05,48.295,28642694,-0.411,-0.87%,46.6855,1385063783.61,99371
2015-05-14,48.0301,48.82,48.03,48.72,32980892,1.059,2.30%,47.0964,1603675095.54,134529
2015-05-13,48.19,48.32,47.57,47.625,34184613,0.266,0.58%,46.0379,1638046389.49,136729
2015-05-12,46.85,47.68,46.42,47.35,29928264,-0.019,-0.04%,45.772,1411712801.06,127260
2015-05-11,47.55,47.91,47.37,47.37,24609416,-0.367,-0.80%,45.7914,1171190851.24,95758
2015-05-08,47.55,47.98,47.52,47.75,35364911,1.015,2.25%,46.1587,1688287537.39,143886
2015-05-07,46.27,47.085,46.16,46.70,32971654,0.406,0.91%,45.1437,1543032720.18,145735
2015-05-06,47.57,47.77,46.02,46.28,52433020,-1.276,-2.77%,44.7377,2440629983.36,211148
2015-05-05,47.82,48.16,47.31,47.60,50369191,-0.619,-1.33%,46.0137,2406903930.91,218041
2015-05-04,48.37,48.87,48.18,48.24,34039485,-0.401,-0.85%,46.6324,1648954858.76,133099
2015-05-01,48.58,48.875,48.40,48.655,38937336,0.014,0.03%,47.0335,1894406059.96,150819
2015-04-30,48.70,49.54,48.60,48.64,64725457,-0.406,-0.86%,47.019,3168579924.97,267221
2015-04-29,48.72,49.31,48.50,49.06,47804562,-0.092,-0.19%,47.425,2337580266.61,200291
2015-04-28,47.78,49.21,47.70,49.155,60730778,1.088,2.34%,47.5169,2968408076.70,231127
2015-04-27,47.23,48.13,47.22,48.03,59248172,0.155,0.33%,46.4294,2829448177.51,227023
2015-04-24,45.66,48.14,45.65,47.87,130933665,4.379,10.45%,46.2747,6158050659.16,471752
2015-04-23,42.89,43.61,42.80,43.34,46309530,0.343,0.83%,41.8957,2004226860.89,156994
2015-04-22,42.67,43.13,42.55,42.985,25064273,0.338,0.82%,41.5525,1076319911.55,94810
2015-04-21,43.00,43.15,42.53,42.635,26013844,-0.261,-0.63%,41.2142,1111774358.05,106139
2015-04-20,41.73,43.17,41.68,42.905,46057733,1.247,3.10%,41.4752,1968866159.99,157704
2015-04-17,41.67,41.74,41.16,41.615,42387608,-0.527,-1.29%,40.2281,1758135995.26,165441
2015-04-16,41.95,42.34,41.82,42.16,22509652,-0.092,-0.22%,40.755,947937809.89,86927
2015-04-15,41.76,42.46,41.68,42.255,27343581,0.585,1.45%,40.8468,1152067508.43,106115
2015-04-14,41.80,42.03,41.39,41.65,24244382,-0.106,-0.26%,40.262,1008935678.60,109181
2015-04-13,41.40,42.06,41.39,41.76,30276692,0.039,0.10%,40.3683,1265683532.21,108628
2015-04-10,41.63,41.95,41.41,41.72,28022002,0.232,0.58%,40.3296,1169397486.35,108042
2015-04-09,41.25,41.62,41.25,41.48,25723861,0.058,0.14%,40.0976,1067037767.32,123728
2015-04-08,41.46,41.69,41.04,41.42,24753438,-0.106,-0.26%,40.0396,1023152492.19,108943
2015-04-07,41.61,41.91,41.31,41.53,28809375,-0.014,-0.04%,40.146,1200531051.50,117965
2015-04-06,40.34,41.78,40.18,41.545,39223692,1.213,3.11%,40.1605,1617871234.14,150422
2015-04-02,40.66,40.74,40.12,40.29,37487476,-0.416,-1.06%,38.9473,1511903833.25,140569
2015-04-01,40.60,40.76,40.31,40.72,36865322,0.063,0.16%,39.363,1496628518.51,156474
2015-03-31,40.78,41.03,40.54,40.655,34887219,-0.295,-0.74%,39.3001,1421184382.96,144856
2015-03-30,41.10,41.54,40.91,40.96,35049662,-0.01,-0.02%,39.595,1443101556.11,138885
2015-03-27,41.12,41.43,40.83,40.97,34401398,-0.232,-0.58%,39.6046,1410474759.51,128645
2015-03-26,41.22,41.61,40.92,41.21,37495627,-0.242,-0.60%,39.8366,1547181419.48,161781
2015-03-25,42.92,42.925,41.44,41.46,43469907,-1.392,-3.36%,40.0783,1820396381.03,204504
2015-03-24,42.78,43.17,42.75,42.90,25513252,0.043,0.11%,41.4703,1097538335.85,114019
2015-03-23,42.88,43.13,42.78,42.855,26246086,-0.024,-0.06%,41.4268,1127406398.27,110226
2015-03-20,42.56,42.98,42.49,42.88,71904529,0.575,1.41%,41.451,3075898865.48,131409
2015-03-19,42.26,42.59,42.22,42.285,33879066,-0.208,-0.51%,40.8758,1436332647.25,124180
2015-03-18,41.43,42.83,41.33,42.50,44194771,0.778,1.93%,41.0837,1866051018.93,193657
2015-03-17,41.37,41.83,41.15,41.695,31673448,0.131,0.32%,40.3055,1314712628.64,136401
2015-03-16,41.47,41.64,41.28,41.56,35273452,0.174,0.43%,40.175,1462479365.87,144124
2015-03-13,40.70,41.47,40.61,41.38,58007705,0.348,0.88%,40.001,2378417070.44,221909
2015-03-12,41.33,41.65,40.86,41.02,59992502,-0.928,-2.29%,39.653,2471540141.26,234070
2015-03-11,42.31,42.37,41.84,41.98,32215314,-0.048,-0.12%,40.581,1354610849.61,122268
2015-03-10,42.35,42.71,42.03,42.03,39159730,-0.793,-1.91%,40.6293,1654664668.91,158220
2015-03-09,42.19,43.125,42.19,42.85,32107957,0.474,1.16%,41.422,1371350365.11,138447
2015-03-06,43.00,43.11,42.15,42.36,36248785,-0.725,-1.74%,40.9483,1539403179.22,141376
2015-03-05,43.07,43.24,42.82,43.11,23193541,0.053,0.13%,41.6733,999784814.02,96416
2015-03-04,43.01,43.21,42.88,43.055,25748692,-0.218,-0.52%,41.6202,1108444060.99,108841
2015-03-03,43.56,43.825,43.09,43.28,31748648,-0.58,-1.37%,41.8377,1375558242.05,128819
2015-03-02,43.67,44.19,43.55,43.88,31924049,0.029,0.07%,42.4177,1400906058.67,115957
2015-02-27,44.13,44.20,43.66,43.85,33807740,-0.198,-0.47%,42.3887,1481625895.89,116599
2015-02-26,43.99,44.23,43.89,44.055,28957329,0.063,0.15%,42.5868,1275291599.20,106107
2015-02-25,43.95,44.09,43.80,43.99,29759820,-0.097,-0.23%,42.524,1307758357.96,119219
2015-02-24,44.15,44.30,43.92,44.09,25271747,-0.058,-0.14%,42.6207,1114778231.11,103619
2015-02-23,43.70,44.19,43.65,44.15,32518754,0.285,0.67%,42.6787,1429701392.90,123637
2015-02-20,43.51,43.88,43.29,43.855,29721133,0.343,0.82%,42.3935,1297006288.89,111135
2015-02-19,43.18,43.5263,43.05,43.50,27603420,-0.029,-0.07%,42.0503,1196449951.39,111678
2015-02-18,43.63,43.70,43.39,43.53,27111657,-0.048,-0.11%,42.0793,1180269142.75,103859
2015-02-17,43.97,44.00,43.19,43.58,33695749,0.019,0.05%,42.1277,1463273011.30,128209
2015-02-13,43.38,43.87,43.15,43.87,40264887,0.749,1.81%,42.1083,1752265632.72,162824
2015-02-12,42.66,43.09,42.51,43.09,33268831,0.681,1.68%,41.3597,1425877011.96,122368
2015-02-11,42.65,42.65,42.21,42.38,38262509,-0.211,-0.52%,40.6782,1621436569.39,130109
2015-02-10,42.74,42.77,42.18,42.60,29670676,0.23,0.57%,40.8893,1262087807.49,116846
2015-02-09,42.24,42.74,42.21,42.36,31381061,-0.048,-0.12%,40.659,1332429023.59,120025
2015-02-06,42.68,42.79,42.15,42.41,34616554,-0.038,-0.09%,40.707,1469129771.10,146831
2015-02-05,42.22,42.64,41.855,42.45,36548168,0.586,1.46%,40.7454,1548703948.99,161288
2015-02-04,41.94,42.21,41.36,41.84,41614812,0.23,0.58%,40.1599,1738476207.91,159069
2015-02-03,41.63,41.93,41.045,41.60,52082448,0.307,0.78%,39.9295,2153801409.03,218393
2015-02-02,40.59,41.37,40.23,41.28,50352532,0.845,2.18%,39.6223,2053702086.19,229514
2015-01-30,41.55,41.58,40.35,40.40,78004944,-1.545,-3.83%,38.7777,3185518164.05,290004
2015-01-29,40.93,42.12,40.79,42.01,63585273,0.787,1.99%,40.323,2633258373.21,250396
2015-01-28,42.74,42.79,41.16,41.19,84507078,-1.411,-3.45%,39.536,3547223556.81,317450
2015-01-27,42.95,43.20,42.105,42.66,169163953,-4.175,-9.25%,40.9469,7211228407.59,627840
2015-01-26,47.00,47.1339,46.2399,47.01,42525530,-0.163,-0.36%,45.1223,1986806114.62,165073
2015-01-23,47.36,47.39,46.80,47.18,26211594,0.048,0.11%,45.2854,1234940405.17,109953
2015-01-22,46.38,47.135,46.08,47.13,35898035,1.161,2.64%,45.2374,1676951863.58,148537
2015-01-21,45.94,46.14,45.48,45.92,39081143,-0.451,-1.01%,44.076,1791005540.86,163207
2015-01-20,46.30,46.65,45.57,46.39,36161860,0.144,0.32%,44.5271,1669948185.67,152207
2015-01-16,45.31,46.28,45.17,46.24,35695289,0.729,1.67%,44.3832,1636144544.19,152028
2015-01-15,46.22,46.38,45.41,45.48,32750779,-0.456,-1.03%,43.6537,1495826525.77,141501
2015-01-14,45.96,46.24,45.62,45.955,29719580,-0.384,-0.86%,44.1096,1365521530.12,132955
2015-01-13,46.97,47.91,46.06,46.355,35270601,-0.235,-0.53%,44.4936,1656895172.26,169627
2015-01-12,47.42,47.54,46.36,46.60,23651887,-0.566,-1.25%,44.7287,1104585294.21,109164
2015-01-09,47.61,47.82,46.90,47.19,23944181,-0.384,-0.84%,45.295,1132933146.86,110966
2015-01-08,46.75,47.7499,46.72,47.59,29645202,1.305,2.94%,45.679,1407438070.70,142622
2015-01-07,45.98,46.46,45.49,46.23,29114061,0.557,1.27%,44.3736,1341536073.73,140812
2015-01-06,46.38,46.749,45.54,45.65,36447854,-0.648,-1.46%,43.8169,1678907449.07,173768
2015-01-05,46.37,46.73,46.25,46.325,39673865,-0.418,-0.93%,44.4648,1841102681.37,158311
2015-01-02,46.66,47.42,46.54,46.76,27913852,0.298,0.67%,44.8823,1307684216.32,112643
2014-12-31,46.73,47.44,46.45,46.45,21552450,-0.547,-1.21%,44.5847,1008367559.81,84470
2014-12-30,47.44,47.62,46.84,47.02,16384692,-0.413,-0.91%,45.1318,772685804.72,72580
2014-12-29,47.70,47.78,47.26,47.45,14439518,-0.413,-0.90%,45.5446,685136170.01,70483
2014-12-26,48.41,48.41,47.82,47.88,13197817,-0.25,-0.54%,45.9573,632971711.39,49523
2014-12-24,48.64,48.64,48.08,48.14,11442790,-0.298,-0.64%,46.2069,551850632.33,42414
2014-12-23,48.37,48.80,48.13,48.45,23656529,0.451,0.98%,46.5044,1148510360.00,107667
2014-12-22,47.78,48.12,47.71,47.98,26565984,0.307,0.67%,46.0533,1273460580.06,100650
2014-12-19,47.63,48.10,47.17,47.66,64551182,0.134,0.29%,45.7461,3075941477.37,155345
2014-12-18,46.58,47.52,46.3386,47.52,40105550,1.709,3.89%,45.6118,1890351717.71,175521
2014-12-17,45.05,45.945,44.90,45.74,34970865,0.557,1.28%,43.9032,1590235179.95,160434
2014-12-16,45.90,46.34,45.13,45.16,47801392,-1.449,-3.24%,43.3465,2184421319.42,219702
2014-12-15,47.20,47.67,46.55,46.67,29247761,-0.269,-0.60%,44.7959,1372959481.76,140690
2014-12-12,46.78,47.73,46.67,46.95,34248371,-0.211,-0.47%,45.0647,1617837426.69,165151
2014-12-11,47.08,47.74,46.68,47.17,29061918,0.259,0.58%,45.2758,1374360712.39,153244
2014-12-10,47.58,47.66,46.7001,46.90,30431788,-0.662,-1.45%,45.0167,1432674988.66,148580
2014-12-09,47.11,47.92,47.05,47.59,24330506,-0.101,-0.22%,45.679,1157116822.25,117070
2014-12-08,48.26,48.35,47.445,47.695,26663107,-0.696,-1.50%,45.7797,1276238175.41,112938
2014-12-05,48.82,48.97,48.38,48.42,27313449,-0.403,-0.86%,46.4756,1326159967.96,96036
2014-12-04,48.39,49.06,48.20,48.84,30345132,0.729,1.58%,46.8788,1481949462.36,135732
2014-12-03,48.44,48.50,47.805,48.08,23534752,-0.365,-0.78%,46.1493,1133415581.63,101078
2014-12-02,48.84,49.05,48.20,48.46,25773478,-0.154,-0.33%,46.514,1250243324.69,119666
2014-12-01,47.88,48.78,47.71,48.62,31191575,0.777,1.69%,46.6676,1511657230.64,144830
2014-11-28,47.95,48.195,47.61,47.81,21534426,0.058,0.13%,45.8901,1032162933.29,67401
2014-11-26,47.49,47.99,47.28,47.75,27164877,0.269,0.59%,45.8325,1294487231.72,98959
2014-11-25,47.66,47.97,47.45,47.47,28007993,-0.115,-0.25%,45.5638,1335097249.82,108115
2014-11-24,47.99,48.00,47.39,47.59,35434245,-0.374,-0.81%,45.679,1689744514.27,129445
2014-11-21,49.02,49.05,47.57,47.98,42884795,-0.691,-1.48%,46.0533,2068365869.33,142945
2014-11-20,48.00,48.70,47.87,48.70,21510587,0.461,1.00%,46.7444,1040909608.99,97886
2014-11-19,48.66,48.7549,47.93,48.22,26177450,-0.499,-1.07%,46.2837,1261336161.75,125495
2014-11-18,49.13,49.325,48.70,48.74,23996457,-0.394,-0.83%,46.7828,1173874233.23,102076
2014-11-17,49.41,49.705,49.14,49.46,30318648,-0.114,-0.24%,47.1763,1498503027.87,124404
2014-11-14,49.74,50.045,49.39,49.58,29081657,-0.029,-0.06%,47.2908,1444815107.55,115650
2014-11-13,48.81,49.645,48.705,49.61,26210433,0.792,1.70%,47.3194,1294082309.16,119251
2014-11-12,48.56,48.92,48.52,48.78,22722123,-0.086,-0.18%,46.5277,1108683842.25,86578
2014-11-11,48.85,48.93,48.645,48.87,23445239,-0.019,-0.04%,46.6135,1144403402.66,97681
2014-11-10,48.65,49.15,48.55,48.89,36370067,0.20,0.43%,46.6326,1776560734.07,129894
2014-11-07,48.92,48.92,48.2901,48.68,28000598,-0.019,-0.04%,46.4323,1358503697.14,115236
2014-11-06,47.86,48.86,47.79,48.70,33037841,0.801,1.76%,46.4514,1600618146.71,159089
2014-11-05,47.80,47.90,47.26,47.86,22449594,0.277,0.61%,45.6502,1070201487.60,109782
2014-11-04,47.301,47.73,47.25,47.57,21530813,0.124,0.27%,45.3736,1023093184.20,112634
2014-11-03,46.89,47.46,46.73,47.44,23130397,0.467,1.04%,45.2496,1093426395.32,108547
2014-10-31,46.94,46.97,46.48,46.95,35849656,0.858,1.95%,44.7822,1678048188.57,131084
2014-10-30,46.32,46.32,45.77,46.05,30073873,-0.544,-1.22%,43.9238,1384219084.51,131395
2014-10-29,46.44,46.70,46.34,46.62,30283622,0.124,0.28%,44.4674,1408947875.67,140423
2014-10-28,45.86,46.50,45.77,46.49,29049750,0.553,1.26%,44.3434,1340956242.88,114094
2014-10-27,45.71,46.10,45.71,45.91,30371308,-0.21,-0.48%,43.7902,1394438684.23,117504
2014-10-24,46.83,46.90,45.18,46.13,61081039,1.059,2.47%,44.0001,2802368139.61,251238
2014-10-23,44.62,45.445,44.53,45.02,45451869,0.61,1.44%,42.9413,2043431671.57,185186
2014-10-22,45.00,45.07,44.225,44.38,33579817,-0.477,-1.11%,42.3309,1496327424.64,139965
2014-10-21,44.36,44.975,44.19,44.88,36433824,0.763,1.81%,42.8078,1629456798.91,150051
2014-10-20,43.06,44.14,42.81,44.08,34530887,0.429,1.03%,42.0447,1508781354.04,145656
2014-10-17,43.20,43.935,42.79,43.63,40683346,0.849,2.08%,41.6155,1768622666.17,181339
2014-10-16,42.53,43.08,42.22,42.74,49040989,-0.458,-1.11%,40.7666,2092457428.02,252093
2014-10-15,43.00,43.39,42.10,43.22,60220961,-0.486,-1.17%,41.2244,2574642704.19,291556
2014-10-14,43.87,44.38,43.56,43.73,38120558,0.076,0.18%,41.7109,1674180343.55,189525
2014-10-13,43.82,44.56,43.49,43.65,37100207,-0.362,-0.86%,41.6346,1631909368.21,195595
2014-10-10,45.60,46.12,43.95,44.03,51978146,-1.736,-3.97%,41.997,2330190264.98,228850
2014-10-09,46.50,46.80,45.74,45.85,34426595,-0.887,-1.99%,43.733,1588002123.04,162018
2014-10-08,45.48,46.89,45.34,46.78,33030972,1.192,2.75%,44.62,1530116672.48,137161
2014-10-07,45.86,45.93,45.42,45.53,25724544,-0.534,-1.22%,43.4278,1174459484.20,115145
2014-10-06,46.12,46.30,45.9199,46.09,20603960,0.00,0.00%,43.9619,950402180.16,101605
2014-10-03,45.98,46.30,45.61,46.09,32453273,0.315,0.72%,43.9619,1493532433.72,122470
2014-10-02,45.83,46.10,45.64,45.76,25119508,-0.134,-0.31%,43.6471,1152084405.57,123791
2014-10-01,46.27,46.53,45.845,45.90,38088355,-0.439,-0.99%,43.7807,1756008074.45,151547
2014-09-30,46.37,46.4763,46.01,46.36,33033086,-0.076,-0.17%,44.2194,1528811586.51,118743
2014-09-29,45.98,46.56,45.76,46.44,26090980,0.029,0.06%,44.2957,1207320571.67,105214
2014-09-26,45.93,46.62,45.76,46.41,27078764,0.353,0.80%,44.2671,1252917729.76,106709
2014-09-25,46.88,47.09,46.03,46.04,33077385,-0.992,-2.21%,43.9142,1532725411.31,129202
2014-09-24,46.63,47.11,46.34,47.08,26582713,0.496,1.12%,44.9062,1244267175.40,107933
2014-09-23,46.85,46.98,46.47,46.56,33431078,-0.477,-1.06%,44.4102,1562325708.94,128717
2014-09-22,47.30,47.38,46.98,47.06,38686091,-0.439,-0.97%,44.8871,1823156702.53,156023
2014-09-19,46.81,47.57,46.60,47.52,202526536,0.801,1.80%,45.3259,9573269360.76,208199
2014-09-18,46.59,46.83,46.46,46.68,35556632,0.153,0.34%,44.5247,1658448323.56,134982
2014-09-17,46.26,46.69,46.23,46.52,38311924,-0.229,-0.51%,44.372,1781731004.41,147884
2014-09-16,46.39,46.85,46.29,46.76,27910571,0.496,1.12%,44.601,1301197183.63,122146
2014-09-15,46.54,46.71,46.10,46.24,37667644,-0.434,-0.97%,44.105,1743368139.50,133235
2014-09-12,46.91,47.02,46.60,46.695,38247122,-0.291,-0.65%,44.539,1786561239.25,138338
2014-09-11,46.74,47.00,46.47,47.00,29216560,0.153,0.34%,44.8299,1364116540.97,117702
2014-09-10,46.8201,46.94,46.28,46.84,27304409,0.076,0.17%,44.6773,1276834549.02,106416
2014-09-09,46.47,46.97,46.42,46.76,40302386,0.277,0.62%,44.601,1883232683.89,146796
2014-09-08,46.02,46.80,45.99,46.47,45736730,0.534,1.22%,44.3244,2126060825.76,177995
2014-09-05,45.11,45.93,45.11,45.91,36939360,0.62,1.44%,43.7902,1685440527.02,134007
2014-09-04,44.74,45.27,44.72,45.26,26478082,0.286,0.67%,43.1702,1194676576.33,106588
2014-09-03,44.53,45.11,44.53,44.96,33689341,-0.124,-0.29%,42.8841,1513299998.09,128154
2014-09-02,45.43,45.46,44.85,45.09,22976775,-0.324,-0.75%,43.0081,1034019301.88,95666
2014-08-29,45.09,45.44,44.855,45.43,21608625,0.525,1.23%,43.3324,977015201.48,75187
2014-08-28,44.75,44.98,44.61,44.88,17657643,0.01,0.02%,42.8078,791079587.29,77924
2014-08-27,44.90,45.00,44.76,44.87,21287931,-0.129,-0.30%,42.7982,954909570.25,70225
2014-08-26,45.31,45.395,44.94,45.005,14877669,-0.157,-0.37%,42.927,670867331.92,67622
2014-08-25,45.40,45.44,45.04,45.17,16909999,0.019,0.04%,43.0844,764859445.31,65131
2014-08-22,45.35,45.47,45.07,45.15,18294741,-0.067,-0.15%,43.0653,827459006.02,79678
2014-08-21,44.84,45.25,44.83,45.22,22285502,0.258,0.60%,43.1321,1005797700.18,80691
2014-08-20,45.34,45.40,44.90,44.95,24770487,-0.362,-0.84%,42.8745,1116000653.46,98488
2014-08-19,44.97,45.34,44.83,45.33,28139494,0.477,1.12%,43.237,1269778402.12,101130
2014-08-18,44.94,45.11,44.68,45.11,26895359,0.303,0.71%,42.7601,1208961878.78,101129
2014-08-15,44.58,44.895,44.40,44.79,41611308,0.493,1.17%,42.4568,1857779954.98,149820
2014-08-14,44.08,44.417,44.01,44.27,19313194,0.18,0.43%,41.9638,853977061.30,88757
2014-08-13,43.68,44.18,43.52,44.08,22851136,0.531,1.29%,41.7837,1003419066.44,106367
2014-08-12,43.04,43.59,43.00,43.52,21433589,0.303,0.74%,41.2529,930335840.24,95767
2014-08-11,43.26,43.45,43.02,43.20,20351600,0.00,0.00%,40.9496,879170783.21,94459
2014-08-08,43.23,43.315,42.91,43.20,28943024,-0.028,-0.07%,40.9496,1248189761.98,114639
2014-08-07,42.84,43.45,42.65,43.23,30315183,0.464,1.15%,40.978,1309814257.84,134466
2014-08-06,42.74,43.17,42.21,42.74,24633966,-0.322,-0.79%,40.5135,1055093604.12,110986
2014-08-05,43.31,43.46,42.83,43.08,26267500,-0.275,-0.67%,40.8358,1131264628.97,120877
2014-08-04,42.97,43.47,42.81,43.37,34277387,0.483,1.19%,41.1107,1480598603.23,133356
2014-08-01,43.21,43.25,42.60,42.86,31171094,-0.284,-0.70%,40.6273,1338413430.78,138758
2014-07-31,43.38,43.69,43.08,43.16,31540882,-0.397,-0.96%,40.9117,1366794283.80,134134
2014-07-30,44.07,44.10,43.29,43.5785,31925735,-0.291,-0.70%,41.3084,1389118197.30,120016
2014-07-29,43.91,44.09,43.64,43.885,27764099,-0.081,-0.19%,41.5989,1219406502.27,113040
2014-07-28,44.36,44.51,43.93,43.97,29687677,-0.502,-1.19%,41.6795,1311380663.86,118277
2014-07-25,44.30,44.66,44.30,44.50,26737724,0.095,0.23%,42.1819,1189443881.94,102619
2014-07-24,44.93,45.00,44.32,44.40,30725348,-0.446,-1.05%,42.0871,1368623326.09,121153
2014-07-23,45.45,45.45,44.62,44.87,52363948,0.038,0.09%,42.5326,2358561079.54,196406
2014-07-22,45.00,45.15,44.59,44.83,43095820,-0.005,-0.01%,42.4947,1934105149.22,163371
2014-07-21,44.56,45.16,44.22,44.835,37604378,0.137,0.32%,42.4994,1682585857.44,147685
2014-07-18,44.65,44.84,44.25,44.69,43407490,0.152,0.36%,42.362,1933746511.84,135801
2014-07-17,45.45,45.71,44.25,44.53,82180263,0.427,1.02%,42.2103,3689786070.38,300443
2014-07-16,42.51,44.31,42.48,44.08,63322372,1.545,3.84%,41.7837,2763457968.69,221837
2014-07-15,42.33,42.47,42.03,42.45,28758961,0.294,0.74%,40.2387,1216311997.96,110361
2014-07-14,42.22,42.45,42.04,42.14,21882943,0.047,0.12%,39.9448,924578675.58,91516
2014-07-11,41.70,42.09,41.48,42.09,24087374,0.384,0.97%,39.8974,1008340712.48,87957
2014-07-10,41.37,42.00,41.05,41.685,21856832,0.014,0.04%,39.5135,911195698.45,94739
2014-07-09,41.98,41.99,41.53,41.67,18445910,-0.104,-0.26%,39.4993,769034742.31,79966
2014-07-08,41.87,42.00,41.61,41.78,31218208,-0.199,-0.50%,39.6036,1305844185.59,122672
2014-07-07,41.75,42.12,41.71,41.99,21953619,0.18,0.45%,39.8026,924128063.93,87314
2014-07-03,41.91,41.99,41.56,41.80,15969310,-0.095,-0.24%,39.6225,666977459.20,49826
2014-07-02,41.73,41.90,41.53,41.90,20208526,0.028,0.07%,39.7173,843293787.40,81721
2014-07-01,41.86,42.15,41.69,41.87,26922597,0.161,0.41%,39.6889,1129002255.14,109035
2014-06-30,42.17,42.21,41.70,41.70,30805472,-0.521,-1.30%,39.5277,1293437701.15,104479
2014-06-27,41.61,42.29,41.51,42.25,74641945,0.502,1.27%,40.0491,3522376971.40,95395
2014-06-26,41.93,41.94,41.43,41.72,23604409,-0.294,-0.74%,39.5467,982607831.30,99351
2014-06-25,41.70,42.05,41.46,42.03,20051576,0.27,0.68%,39.8405,839328513.02,80575
2014-06-24,41.83,41.94,41.56,41.745,26518274,-0.232,-0.58%,39.5704,1106601978.66,94799
2014-06-23,41.73,42.00,41.69,41.99,18743905,0.294,0.74%,39.8026,797964755.16,78281
2014-06-20,41.445,41.83,41.38,41.68,47765407,0.161,0.41%,39.5088,1993481666.45,104369
2014-06-19,41.57,41.77,41.3301,41.51,19837767,-0.133,-0.34%,39.3476,823652203.02,79956
2014-06-18,41.605,41.74,41.18,41.65,27097228,-0.028,-0.07%,39.4803,1121971835.20,96075
2014-06-17,41.29,41.91,40.335,41.68,22518630,0.171,0.43%,39.5088,938719018.81,99145
2014-06-16,41.04,41.61,41.04,41.50,24205297,0.256,0.65%,39.3381,1003119549.07,99199
2014-06-13,41.10,41.565,40.86,41.23,26310697,0.616,1.60%,39.0822,1085254973.64,115163
2014-06-12,40.81,40.88,40.29,40.58,29823030,-0.265,-0.69%,38.4661,1208506954.06,103418
2014-06-11,40.93,41.07,40.765,40.86,18039990,-0.237,-0.61%,38.7315,1162505163.80,67213
2014-06-10,41.03,41.16,40.86,41.11,15117689,-0.152,-0.39%,38.9685,620680940.43,58517
2014-06-09,41.39,41.48,41.02,41.27,15019425,-0.199,-0.51%,39.1201,619323676.88,64285
2014-06-06,41.48,41.66,41.24,41.48,24060542,0.256,0.66%,39.3192,997213680.88,92417
2014-06-05,40.59,41.25,40.40,41.21,31865213,0.844,2.21%,39.0632,1306782729.97,123203
2014-06-04,40.21,40.37,39.86,40.32,23210341,0.028,0.07%,38.2196,932633906.67,86105
2014-06-03,40.60,40.68,40.25,40.29,18071096,-0.474,-1.23%,38.1912,729731511.74,72874
2014-06-02,40.95,41.09,40.68,40.79,18504300,-0.142,-0.37%,38.6651,756110623.29,76009
2014-05-30,40.45,40.97,40.25,40.94,34575579,0.569,1.49%,38.8073,1425660968.78,114622
2014-05-29,40.15,40.35,39.91,40.34,19893872,0.313,0.82%,38.2386,798220148.51,73427
2014-05-28,40.14,40.19,39.82,40.01,25711565,-0.171,-0.45%,37.9258,1028384282.57,87138
2014-05-27,40.26,40.26,39.81,40.19,26161164,0.066,0.17%,38.0964,1047371278.66,84236
2014-05-23,40.37,40.37,40.00,40.12,18020866,0.019,0.05%,38.03,723349217.58,68466
2014-05-22,40.29,40.35,39.85,40.10,20202485,-0.237,-0.62%,38.0111,809358519.88,81916
2014-05-21,39.80,40.35,39.7399,40.35,22399392,0.635,1.69%,38.248,900224598.27,94353
2014-05-20,39.68,39.94,39.46,39.68,21322341,-0.066,-0.18%,37.6129,845461503.50,92850
2014-05-19,39.61,39.82,39.46,39.75,24537438,-0.076,-0.20%,37.6793,973627038.61,81440
2014-05-16,39.67,39.84,39.27,39.83,29868272,0.218,0.58%,37.7551,1182638769.82,106554
2014-05-15,40.09,40.40,39.51,39.60,37793243,-0.607,-1.59%,37.5371,1500327536.38,145076
2014-05-14,40.30,40.45,40.05,40.24,18818711,-0.171,-0.45%,38.1438,757637748.12,83534
2014-05-13,39.92,40.50,39.85,40.42,27004768,0.692,1.84%,38.3144,1090136657.07,111667
2014-05-12,39.74,40.02,39.65,39.97,22787185,0.405,1.09%,37.6224,919880695.00,85965
2014-05-09,39.54,39.85,39.37,39.54,29647646,-0.094,-0.25%,37.2177,1173071166.51,111544
2014-05-08,39.34,39.90,38.97,39.64,32123032,0.202,0.55%,37.3118,1271975409.00,123862
2014-05-07,39.22,39.51,38.51,39.425,41749497,0.344,0.93%,37.1094,1628157822.37,153844
2014-05-06,39.29,39.35,38.95,39.06,27112373,-0.348,-0.94%,36.7659,1078798908.67,107305
2014-05-05,39.52,39.6399,39.30,39.43,22460928,-0.245,-0.66%,37.1142,885749705.44,91768
2014-05-02,40.31,40.34,39.66,39.69,43417914,-0.292,-0.78%,37.3589,1759393823.32,144256
2014-05-01,40.2401,40.36,39.95,40.00,28791455,-0.377,-0.99%,37.6507,1153673515.48,106879
2014-04-30,40.40,40.50,40.1699,40.40,35464148,-0.104,-0.27%,38.0272,1430504038.82,127814
2014-04-29,41.10,41.19,40.39,40.51,29637370,-0.339,-0.88%,38.1307,1204796107.58,116547
2014-04-28,40.14,41.29,40.09,40.87,50610208,0.904,2.41%,38.4696,2064568431.03,197659
2014-04-25,40.29,40.68,39.75,39.91,56883812,0.047,0.13%,37.566,2286980555.08,224798
2014-04-24,39.74,39.97,39.30,39.86,42381594,0.16,0.43%,37.5189,1696172548.52,165243
2014-04-23,39.99,39.99,39.47,39.69,24602781,-0.282,-0.75%,37.3589,976060496.58,102038
2014-04-22,39.96,40.14,39.83,39.99,27057271,0.047,0.13%,37.6413,1081622687.75,98714
2014-04-21,40.13,40.15,39.79,39.94,22222222,-0.066,-0.17%,37.5942,889211857.77,90500
2014-04-17,40.01,40.195,39.51,40.01,36689399,-0.367,-0.97%,37.6601,1465595502.93,123387
2014-04-16,40.06,40.415,39.905,40.40,30616304,0.612,1.64%,38.0272,1242900977.38,120802
2014-04-15,39.34,39.96,39.05,39.75,33978673,0.537,1.45%,37.4154,1344512713.28,143009
2014-04-14,39.11,39.41,38.90,39.18,32006651,-0.027,-0.07%,36.8788,1253162743.92,139754
2014-04-11,39.00,39.79,39.00,39.209,34333298,-0.142,-0.38%,36.9061,1351959682.33,149178
2014-04-10,40.44,40.69,39.09,39.36,45960848,-1.045,-2.74%,37.0483,1826959242.77,197339
2014-04-09,39.93,40.55,39.88,40.47,27398687,0.612,1.63%,38.0931,1103294081.74,122304
2014-04-08,39.75,39.93,39.20,39.82,35919609,0.019,0.05%,37.4812,1425864762.94,143585
2014-04-07,39.96,40.27,39.74,39.80,37559615,-0.066,-0.18%,37.4624,1501943049.17,168404
2014-04-04,41.25,41.39,39.64,39.87,51409573,-1.073,-2.78%,37.5283,2063233348.42,222734
2014-04-03,41.29,41.29,40.71,41.01,30139567,-0.32,-0.82%,38.6014,1234668417.04,112592
2014-04-02,41.44,41.66,41.17,41.35,28607267,-0.066,-0.17%,38.9214,1182680774.10,114482
2014-04-01,41.15,41.59,41.07,41.42,32610395,0.405,1.05%,38.9873,1348932935.03,128973
2014-03-31,40.43,41.50,40.40,40.99,46886284,0.649,1.71%,38.5825,1930181484.88,168415
2014-03-28,39.79,40.635,39.68,40.30,43472747,0.885,2.39%,37.9331,1754622017.58,152506
2014-03-27,39.74,39.97,39.34,39.36,35369170,-0.405,-1.08%,37.0483,1389013198.66,155066
2014-03-26,40.48,40.705,39.60,39.79,41982966,-0.518,-1.36%,37.453,1672092028.10,156212
2014-03-25,40.66,40.99,39.9599,40.34,43193147,-0.151,-0.40%,37.9707,1740558261.62,170973
2014-03-24,40.34,40.64,39.86,40.50,46098374,0.32,0.85%,38.1213,1857824953.27,165921
2014-03-21,40.72,40.94,40.01,40.16,80731942,-0.16,-0.42%,37.8013,2930192960.82,190614
2014-03-20,39.25,40.649,39.24,40.33,59269801,0.998,2.70%,37.9613,2381247292.17,196591
2014-03-19,39.47,39.55,38.91,39.27,35597241,-0.264,-0.71%,36.9636,1379059649.39,142446
2014-03-18,38.26,39.90,38.22,39.55,64063866,1.412,3.94%,37.2271,2524979645.06,215819
2014-03-17,37.90,38.41,37.79,38.05,20479610,0.329,0.93%,35.8152,781136192.72,89891
2014-03-14,37.651,38.135,37.5058,37.70,27195638,-0.179,-0.50%,35.4858,1029998972.59,104484
2014-03-13,38.42,38.45,37.6414,37.89,32169650,-0.358,-0.99%,35.6646,1238847688.32,115862
2014-03-12,37.80,38.43,37.79,38.27,30496295,0.235,0.66%,36.0223,1165030409.76,93607
2014-03-11,37.87,38.23,37.72,38.02,25218133,0.188,0.53%,35.787,958402737.34,82067
2014-03-10,37.99,38.01,37.72,37.82,19007850,-0.075,-0.21%,35.5987,719141362.22,65091
2014-03-07,38.28,38.36,37.69,37.90,26596635,-0.235,-0.66%,35.674,1007449309.35,90966
2014-03-06,38.14,38.24,37.89,38.15,23605310,0.038,0.10%,35.9093,898697207.79,90260
2014-03-05,38.25,38.2699,37.93,38.11,20520432,-0.282,-0.78%,35.8717,782250974.89,85443
2014-03-04,38.20,38.48,38.07,38.41,26868337,0.593,1.67%,36.1541,1029921312.21,105031
2014-03-03,37.92,38.13,37.495,37.78,29716052,-0.499,-1.38%,35.5611,1120923001.15,114631
2014-02-28,37.98,38.46,37.82,38.31,41217028,0.424,1.19%,36.0599,1575917279.46,141659
2014-02-27,37.45,37.89,37.23,37.86,33919024,0.367,1.04%,35.6364,1275655824.95,109087
2014-02-26,37.5801,37.74,37.19,37.47,41042629,-0.066,-0.19%,35.2693,1539208992.17,124594
2014-02-25,37.61,37.85,37.35,37.54,30867657,-0.141,-0.40%,35.3352,1161479369.45,104936
2014-02-24,37.69,37.975,37.54,37.69,32143395,-0.273,-0.76%,35.4763,1215365904.64,107900
2014-02-21,37.94,38.35,37.86,37.98,38030656,0.216,0.61%,35.7493,1448069024.95,115132
2014-02-20,37.57,37.87,37.395,37.75,27541038,0.226,0.64%,35.5328,1038143591.31,101619
2014-02-19,37.22,37.75,37.21,37.51,29794084,0.085,0.24%,35.3069,1118147124.25,109524
2014-02-18,37.63,37.78,37.41,37.42,32839707,0.075,0.21%,35.2222,1232437620.28,105227
2014-02-14,37.39,37.78,37.33,37.62,42986738,0.009,0.03%,35.1469,1616029457.68,108103
2014-02-13,37.33,37.86,37.33,37.61,37647772,0.131,0.37%,35.1376,1418692173.66,114938
2014-02-12,37.35,37.60,37.30,37.47,27055869,0.276,0.79%,35.0068,1014092605.90,95436
2014-02-11,36.88,37.26,36.86,37.175,32164989,0.35,1.02%,34.7312,1194876976.75,108231
2014-02-10,36.63,36.80,36.29,36.80,26782083,0.224,0.66%,34.3808,982868861.37,85373
2014-02-07,36.32,36.59,36.01,36.56,33348008,0.355,1.05%,34.1566,1213585200.31,119748
2014-02-06,35.80,36.25,35.69,36.18,35380994,0.336,1.01%,33.8016,1277656412.97,127950
2014-02-05,36.29,36.47,35.80,35.82,55841097,-0.495,-1.46%,33.4652,2015684016.73,178844
2014-02-04,36.97,37.189,36.25,36.35,55526924,-0.121,-0.36%,33.9604,2029527062.92,200514
2014-02-03,37.74,37.985,36.43,36.48,64102391,-1.271,-3.59%,34.0818,2374391985.61,224639
2014-01-31,36.95,37.89,36.56,37.84,93190755,0.916,2.66%,35.3524,3512503628.86,259286
2014-01-30,36.79,36.88,36.23,36.86,35111959,0.187,0.55%,34.4369,1287617368.69,128287
2014-01-29,35.98,36.88,35.90,36.66,52790351,0.364,1.08%,34.25,1930951363.85,186821
2014-01-28,36.12,36.39,35.75,36.27,36225755,0.224,0.67%,33.8856,1307157391.95,132817
2014-01-27,36.87,36.89,35.98,36.03,44485767,-0.724,-2.11%,33.6614,1601105523.75,165372
2014-01-24,37.45,37.55,36.53,36.805,77051806,0.701,2.08%,34.3855,2850283918.47,269569
2014-01-23,36.09,36.13,35.52,36.055,44515126,0.117,0.35%,33.6848,1605882235.63,177678
2014-01-22,36.26,36.32,35.75,35.93,21965266,-0.224,-0.66%,33.568,791345405.81,88705
2014-01-21,36.82,36.82,36.06,36.17,31578979,-0.196,-0.58%,33.7922,1146724622.32,110849
2014-01-17,36.83,36.83,36.15,36.38,46298736,-0.476,-1.38%,33.9884,1691542005.88,122365
2014-01-16,36.69,37.00,36.31,36.89,38035708,0.121,0.35%,34.4649,1399442365.34,129885
2014-01-15,35.90,36.79,35.85,36.76,44909545,0.916,2.74%,34.3434,1643000928.58,143578
2014-01-14,34.73,35.88,34.63,35.78,41627325,0.747,2.29%,33.4279,1479586529.08,145730
2014-01-13,35.99,36.02,34.83,34.98,45923872,-0.99,-2.94%,32.6805,1616298895.41,163057
2014-01-10,35.90,36.15,35.75,36.04,40558766,0.476,1.44%,33.6708,1466653000.14,133210
2014-01-09,35.88,35.91,35.40,35.53,36520448,-0.215,-0.64%,33.1943,1300084489.47,122254
2014-01-08,36.00,36.14,35.58,35.76,59979542,-0.607,-1.79%,33.4092,2156561373.65,165461
2014-01-07,36.325,36.49,36.21,36.41,35924726,0.262,0.77%,34.0164,1306094426.84,120630
2014-01-06,36.85,36.89,36.11,36.13,43615035,-0.729,-2.11%,33.7549,1582119562.37,139777
2014-01-03,37.20,37.22,36.60,36.91,31134795,-0.234,-0.67%,34.4836,1148501096.33,100656
2014-01-02,37.35,37.40,37.10,37.16,30643745,-0.234,-0.67%,34.7171,1136495388.06,98883
2013-12-31,37.40,37.58,37.217,37.41,17505770,0.112,0.32%,34.9507,654646510.16,58522
2013-12-30,37.22,37.38,36.9006,37.29,16290475,0.00,0.00%,34.8386,605626101.93,60215
2013-12-27,37.58,37.62,37.17,37.29,14563533,-0.14,-0.40%,34.8386,544117098.42,57214
2013-12-26,37.20,37.49,37.17,37.44,17614984,0.336,0.97%,34.9787,659035174.11,65896
2013-12-24,36.72,37.17,36.64,37.08,14242997,0.43,1.26%,34.6424,527231695.35,58559
2013-12-23,36.81,36.89,36.55,36.62,25128740,-0.168,-0.49%,34.2126,920954902.25,87741
2013-12-20,36.20,36.93,36.185,36.80,62650324,0.514,1.52%,34.3808,2292160652.50,143895
2013-12-19,36.51,36.55,36.08,36.25,34157264,-0.308,-0.90%,33.867,1239175770.79,131312
2013-12-18,36.3601,36.60,35.53,36.58,63192067,0.056,0.16%,34.1753,2284787856.51,182888
2013-12-17,36.94,37.11,36.3344,36.52,45687679,-0.341,-0.99%,34.1192,1682388608.50,164399
2013-12-16,36.73,37.00,36.54,36.885,31734515,0.182,0.53%,34.4602,1169211111.15,112038
2013-12-13,37.42,37.45,36.62,36.69,40074360,-0.495,-1.42%,34.278,1486046394.18,135890
2013-12-12,37.64,37.64,37.18,37.22,36012761,-0.364,-1.04%,34.7732,1346304406.41,101482
2013-12-11,38.06,38.30,37.39,37.61,39853379,-0.467,-1.31%,35.1376,1505723148.72,132032
2013-12-10,38.61,38.90,38.02,38.11,37828593,-0.556,-1.54%,35.6047,1446671278.55,135482
2013-12-09,38.56,38.87,38.37,38.705,30286015,0.322,0.90%,36.1606,1176810995.01,113815
2013-12-06,38.42,38.55,37.99,38.36,36457292,0.336,0.95%,35.8383,1395744966.53,106391
2013-12-05,38.85,38.875,37.18,38.00,116313834,-0.878,-2.41%,35.5019,4399913664.23,347435
2013-12-04,38.21,38.98,38.12,38.94,51983578,0.589,1.64%,36.3801,2013418326.13,133766
2013-12-03,38.14,38.49,38.08,38.31,52109760,-0.131,-0.36%,35.7915,1996132620.59,143863
2013-12-02,38.09,38.78,38.06,38.45,42950373,0.299,0.84%,35.9223,1650908913.62,119491
2013-11-29,37.82,38.29,37.82,38.13,22090428,0.495,1.41%,35.6234,842968921.06,54172
2013-11-27,37.57,37.76,37.49,37.60,26002050,0.234,0.67%,35.1282,978748338.46,81679
2013-11-26,37.57,37.65,37.35,37.35,34468069,-0.271,-0.77%,34.8946,1291586964.55,77083
2013-11-25,37.93,37.95,37.57,37.64,30648148,0.065,0.19%,35.1656,1155818986.36,83717
2013-11-22,37.525,37.68,37.33,37.57,27981996,0.159,0.45%,35.1002,1050109045.44,82856
2013-11-21,37.27,37.53,37.26,37.40,23064699,0.299,0.86%,34.9414,863238914.44,80788
2013-11-20,36.87,37.41,36.86,37.08,32231827,0.318,0.93%,34.6424,1197529181.19,109716
2013-11-19,36.85,37.23,36.67,36.74,44274987,-0.168,-0.49%,34.3248,1635700654.10,145077
2013-11-18,37.35,37.58,37.07,37.20,53277485,-0.594,-1.69%,34.4929,1995787108.31,150797
2013-11-15,37.95,38.02,37.72,37.841,50602034,-0.167,-0.47%,35.0873,1915716092.15,114582
2013-11-14,37.87,38.13,37.72,38.021,46186577,-0.124,-0.35%,35.2542,1751470976.76,132868
2013-11-13,36.98,38.16,36.90,38.155,44957611,0.737,2.13%,35.3784,1687392530.06,124346
2013-11-12,37.38,37.595,37.20,37.36,31651589,-0.213,-0.61%,34.6413,1190971779.33,103305
2013-11-11,37.69,37.775,37.355,37.59,26872537,-0.176,-0.50%,34.8545,1013800371.47,91893
2013-11-08,37.67,37.78,37.34,37.78,36743157,0.26,0.75%,35.0307,1382078087.74,110361
2013-11-07,37.96,38.01,37.43,37.50,60445258,-0.631,-1.78%,34.7711,2285646098.49,163882
2013-11-06,37.24,38.22,37.06,38.18,88948830,1.428,4.20%,35.4016,3362271822.52,250737
2013-11-05,35.7899,36.71,35.77,36.64,51681868,0.649,1.95%,33.9737,1884066529.13,153164
2013-11-04,35.59,35.98,35.55,35.94,28061873,0.385,1.17%,33.3246,1005283234.66,82977
2013-11-01,35.67,35.69,35.39,35.525,40271887,0.111,0.34%,32.9398,1430782823.09,126395
2013-10-31,35.66,35.69,35.34,35.405,41689563,-0.125,-0.38%,32.8285,1553255730.56,109080
2013-10-30,35.53,35.79,35.43,35.54,37002061,0.019,0.06%,32.9537,1317890417.97,111200
2013-10-29,35.6301,35.72,35.26,35.52,31702613,-0.046,-0.14%,32.9352,1124932761.56,100770
2013-10-28,35.61,35.73,35.27,35.57,38383594,-0.148,-0.45%,32.9815,1361615352.98,122487
2013-10-25,35.88,36.29,35.47,35.73,113493954,1.864,5.96%,33.1299,4072063535.32,303741
2013-10-24,33.82,34.10,33.57,33.72,53209728,-0.037,-0.12%,31.2662,1828443648.46,162961
2013-10-23,34.35,34.49,33.674,33.76,58600499,-0.76,-2.37%,31.3032,1992256810.84,163817
2013-10-22,35.02,35.10,34.52,34.58,40438546,-0.38,-1.17%,32.0636,1404982526.98,120325
2013-10-21,34.98,35.20,34.91,34.99,27436505,0.028,0.09%,32.4437,961513524.93,93083
2013-10-18,34.82,34.99,34.33,34.96,41811699,0.037,0.11%,32.4159,1453527604.43,113688
2013-10-17,34.45,34.99,34.37,34.92,31359198,0.26,0.81%,32.3788,1093198921.20,100783
2013-10-16,34.60,34.895,34.56,34.64,35111593,0.139,0.43%,32.1192,1218924090.90,117798
2013-10-15,34.67,34.99,34.47,34.49,47107657,0.037,0.12%,31.9801,1637951229.01,159327
2013-10-14,33.90,34.50,33.78,34.45,27757870,0.297,0.94%,31.943,960822820.31,84930
2013-10-11,33.68,34.14,33.68,34.13,30033336,0.343,1.10%,31.6463,1025281958.74,96667
2013-10-10,33.31,33.89,33.26,33.76,42875141,0.64,2.09%,31.3032,1440615242.01,123887
2013-10-09,33.07,33.3499,32.96,33.07,35843167,0.056,0.18%,30.6635,1188192096.94,132447
2013-10-08,33.31,33.33,32.80,33.01,41095160,-0.269,-0.87%,30.6078,1356679243.02,130825
2013-10-07,33.60,33.71,33.20,33.30,35067124,-0.538,-1.71%,30.8767,1178256102.81,108362
2013-10-04,33.69,33.99,33.62,33.88,32988495,0.019,0.06%,31.4145,1117657501.06,106840
2013-10-03,33.88,34.00,33.42,33.86,38704461,-0.056,-0.18%,31.396,1306604740.19,131880
2013-10-02,33.36,34.03,33.29,33.92,46931866,0.315,1.01%,31.4516,1585458210.63,139763
2013-10-01,33.35,33.61,33.30,33.58,36691926,0.278,0.90%,31.1363,1228037117.88,110592
2013-09-30,33.00,33.31,32.70,33.28,39838108,0.009,0.03%,30.8582,1322929827.61,109734
2013-09-27,32.88,33.75,32.87,33.27,55330514,0.464,1.53%,30.8489,1848816948.64,151813
2013-09-26,32.64,33.00,32.59,32.77,28483079,0.246,0.82%,30.3853,940812306.24,84297
2013-09-25,32.49,32.80,32.40,32.505,28830930,0.046,0.15%,30.1396,938938165.87,94611
2013-09-24,32.87,32.87,32.15,32.455,40245140,-0.264,-0.87%,30.0932,1305520668.67,125397
2013-09-23,32.5401,32.969,32.50,32.74,39826261,-0.047,-0.16%,30.3575,1304994342.57,117949
2013-09-20,33.41,33.48,32.685,32.791,102862119,-0.787,-2.52%,30.4048,3390177343.16,228566
2013-09-19,33.48,33.68,33.32,33.64,42015792,0.297,0.96%,31.192,1408679130.27,118651
2013-09-18,32.99,33.40,32.83,33.32,64100189,0.362,1.18%,30.8953,2122388410.48,193933
2013-09-17,33.42,33.47,32.90,32.93,84683924,0.12,0.39%,30.5336,2806237243.05,211880
2013-09-16,33.38,33.50,32.73,32.801,55010116,-0.212,-0.69%,30.414,1818649232.68,160253
2013-09-13,32.77,33.07,32.505,33.03,40899039,0.315,1.04%,30.6264,1341832358.32,122823
2013-09-12,32.72,32.78,32.59,32.69,32861951,-0.046,-0.15%,30.3111,1073740949.80,95774
2013-09-11,32.57,32.93,32.53,32.74,39069730,0.325,1.08%,30.3575,1280098058.82,119342
2013-09-10,31.90,32.40,31.79,32.39,56881864,0.682,2.32%,30.0329,1834027037.90,158116
2013-09-09,31.2208,31.79,31.20,31.655,49610584,0.466,1.61%,29.3514,1564034582.40,139080
2013-09-06,31.31,31.39,31.13,31.152,75436430,-0.077,-0.27%,28.885,2357167861.38,195053
2013-09-05,31.10,31.44,30.95,31.235,71623991,0.037,0.13%,28.962,2241083593.58,177753
2013-09-04,31.39,31.47,31.11,31.195,142273577,-0.635,-2.15%,28.9249,4448403766.68,327974
2013-09-03,31.75,32.07,31.29,31.88,154489546,-1.409,-4.55%,29.5601,4892068435.47,401548
2013-08-30,33.37,33.48,33.09,33.40,42774005,-0.139,-0.45%,30.9694,1425659083.74,114332
2013-08-29,32.93,33.60,32.80,33.55,45271567,0.491,1.61%,31.1085,1509729073.44,150769
2013-08-28,33.39,33.60,33.00,33.02,44258420,-0.223,-0.72%,30.6171,1471699481.86,131456
2013-08-27,33.515,34.10,33.15,33.26,58519145,-0.825,-2.61%,30.8396,1964216519.93,189738
2013-08-26,34.40,34.67,34.03,34.15,72553311,-0.556,-1.73%,31.6649,2487438972.44,197315
2013-08-23,35.17,35.20,34.00,34.75,225442537,2.188,7.29%,32.2212,7808441012.64,506116
2013-08-22,32.185,32.49,32.10,32.39,31123321,0.723,2.47%,30.0329,1005846102.44,93696
2013-08-21,31.61,32.01,31.54,31.61,37398935,-0.009,-0.03%,29.3097,1189207109.05,118469
2013-08-20,31.44,31.90,31.37,31.62,22979513,0.21,0.72%,29.319,728486226.30,81784
2013-08-19,31.76,31.97,31.38,31.393,27902716,-0.377,-1.28%,29.1085,883262958.32,99470
2013-08-16,31.79,31.99,31.66,31.80,32864665,0.009,0.03%,29.4859,1045462393.64,87304
2013-08-15,32.00,32.18,30.84,31.79,33337991,-0.519,-1.73%,29.4766,1060292100.58,119734
2013-08-14,32.14,33.36,31.70,32.35,48520460,0.111,0.37%,29.9959,1556862753.93,138994
2013-08-13,32.51,32.55,32.21,32.23,39464299,-0.38,-1.26%,29.8846,1276349464.68,124566
2013-08-12,32.46,32.97,32.46,32.87,25494043,0.157,0.52%,30.2648,836161525.47,89433
2013-08-09,32.77,32.90,32.47,32.70,26801087,-0.175,-0.58%,30.1082,876646939.10,99476
2013-08-08,32.24,33.07,32.05,32.89,59035735,0.761,2.58%,30.2832,1930973939.43,196812
2013-08-07,31.54,32.10,31.25,32.063,38060978,0.445,1.53%,29.5217,1206049171.45,126455
2013-08-06,31.55,31.67,31.38,31.58,36331541,-0.11,-0.38%,29.077,1144573208.77,97740
2013-08-05,31.90,32.00,31.64,31.70,30984542,-0.175,-0.60%,29.1875,984155067.01,93651
2013-08-02,31.69,31.90,31.565,31.89,29121484,0.203,0.69%,29.3624,924662331.33,95050
